ID,DATE_GROUP_TYPE_ID,YEAR,VALUE,DISPLAY_NAME,DISPLAY_NAME_1,DTE_START,DTE_END
W201601,W,2016,1,2016-01,2016-01-02,2015-12-27,2016-01-02
W201602,W,2016,2,2016-02,2016-01-09,2016-01-03,2016-01-09
W201603,W,2016,3,2016-03,2016-01-16,2016-01-10,2016-01-16
W201604,W,2016,4,2016-04,2016-01-23,2016-01-17,2016-01-23
W201605,W,2016,5,2016-05,2016-01-30,2016-01-24,2016-01-30
W201606,W,2016,6,2016-06,2016-02-06,2016-01-31,2016-02-06
W201607,W,2016,7,2016-07,2016-02-13,2016-02-07,2016-02-13
W201608,W,2016,8,2016-08,2016-02-20,2016-02-14,2016-02-20
W201609,W,2016,9,2016-09,2016-02-27,2016-02-21,2016-02-27
W201610,W,2016,10,2016-10,2016-03-05,2016-02-28,2016-03-05
W201611,W,2016,11,2016-11,2016-03-12,2016-03-06,2016-03-12
W201612,W,2016,12,2016-12,2016-03-19,2016-03-13,2016-03-19
W201613,W,2016,13,2016-13,2016-03-26,2016-03-20,2016-03-26
W201614,W,2016,14,2016-14,2016-04-02,2016-03-27,2016-04-02
W201615,W,2016,15,2016-15,2016-04-09,2016-04-03,2016-04-09
W201616,W,2016,16,2016-16,2016-04-16,2016-04-10,2016-04-16
W201617,W,2016,17,2016-17,2016-04-23,2016-04-17,2016-04-23
W201618,W,2016,18,2016-18,2016-04-30,2016-04-24,2016-04-30
W201619,W,2016,19,2016-19,2016-05-07,2016-05-01,2016-05-07
W201620,W,2016,20,2016-20,2016-05-14,2016-05-08,2016-05-14
W201621,W,2016,21,2016-21,2016-05-21,2016-05-15,2016-05-21
W201622,W,2016,22,2016-22,2016-05-28,2016-05-22,2016-05-28
W201623,W,2016,23,2016-23,2016-06-04,2016-05-29,2016-06-04
W201624,W,2016,24,2016-24,2016-06-11,2016-06-05,2016-06-11
W201625,W,2016,25,2016-25,2016-06-18,2016-06-12,2016-06-18
W201626,W,2016,26,2016-26,2016-06-25,2016-06-19,2016-06-25
W201627,W,2016,27,2016-27,2016-07-02,2016-06-26,2016-07-02
W201628,W,2016,28,2016-28,2016-07-09,2016-07-03,2016-07-09
W201629,W,2016,29,2016-29,2016-07-16,2016-07-10,2016-07-16
W201630,W,2016,30,2016-30,2016-07-23,2016-07-17,2016-07-23
W201631,W,2016,31,2016-31,2016-07-30,2016-07-24,2016-07-30
W201632,W,2016,32,2016-32,2016-08-06,2016-07-31,2016-08-06
W201633,W,2016,33,2016-33,2016-08-13,2016-08-07,2016-08-13
W201634,W,2016,34,2016-34,2016-08-20,2016-08-14,2016-08-20
W201635,W,2016,35,2016-35,2016-08-27,2016-08-21,2016-08-27
W201636,W,2016,36,2016-36,2016-09-03,2016-08-28,2016-09-03
W201637,W,2016,37,2016-37,2016-09-10,2016-09-04,2016-09-10
W201638,W,2016,38,2016-38,2016-09-17,2016-09-11,2016-09-17
W201639,W,2016,39,2016-39,2016-09-24,2016-09-18,2016-09-24
W201640,W,2016,40,2016-40,2016-10-01,2016-09-25,2016-10-01
W201641,W,2016,41,2016-41,2016-10-08,2016-10-02,2016-10-08
W201642,W,2016,42,2016-42,2016-10-15,2016-10-09,2016-10-15
W201643,W,2016,43,2016-43,2016-10-22,2016-10-16,2016-10-22
W201644,W,2016,44,2016-44,2016-10-29,2016-10-23,2016-10-29
W201645,W,2016,45,2016-45,2016-11-05,2016-10-30,2016-11-05
W201646,W,2016,46,2016-46,2016-11-12,2016-11-06,2016-11-12
W201647,W,2016,47,2016-47,2016-11-19,2016-11-13,2016-11-19
W201648,W,2016,48,2016-48,2016-11-26,2016-11-20,2016-11-26
W201649,W,2016,49,2016-49,2016-12-03,2016-11-27,2016-12-03
W201650,W,2016,50,2016-50,2016-12-10,2016-12-04,2016-12-10
W201651,W,2016,51,2016-51,2016-12-17,2016-12-11,2016-12-17
W201652,W,2016,52,2016-52,2016-12-24,2016-12-18,2016-12-24
W201653,W,2016,53,2016-53,2016-12-31,2016-12-25,2016-12-31
W201701,W,2017,1,2017-01,2017-01-07,2017-01-01,2017-01-07
W201702,W,2017,2,2017-02,2017-01-14,2017-01-08,2017-01-14
W201703,W,2017,3,2017-03,2017-01-21,2017-01-15,2017-01-21
W201704,W,2017,4,2017-04,2017-01-28,2017-01-22,2017-01-28
W201705,W,2017,5,2017-05,2017-02-04,2017-01-29,2017-02-04
W201706,W,2017,6,2017-06,2017-02-11,2017-02-05,2017-02-11
W201707,W,2017,7,2017-07,2017-02-18,2017-02-12,2017-02-18
W201708,W,2017,8,2017-08,2017-02-25,2017-02-19,2017-02-25
W201709,W,2017,9,2017-09,2017-03-04,2017-02-26,2017-03-04
W201710,W,2017,10,2017-10,2017-03-11,2017-03-05,2017-03-11
W201711,W,2017,11,2017-11,2017-03-18,2017-03-12,2017-03-18
W201712,W,2017,12,2017-12,2017-03-25,2017-03-19,2017-03-25
W201713,W,2017,13,2017-13,2017-04-01,2017-03-26,2017-04-01
W201714,W,2017,14,2017-14,2017-04-08,2017-04-02,2017-04-08
W201715,W,2017,15,2017-15,2017-04-15,2017-04-09,2017-04-15
W201716,W,2017,16,2017-16,2017-04-22,2017-04-16,2017-04-22
W201717,W,2017,17,2017-17,2017-04-29,2017-04-23,2017-04-29
W201718,W,2017,18,2017-18,2017-05-06,2017-04-30,2017-05-06
W201719,W,2017,19,2017-19,2017-05-13,2017-05-07,2017-05-13
W201720,W,2017,20,2017-20,2017-05-20,2017-05-14,2017-05-20
W201721,W,2017,21,2017-21,2017-05-27,2017-05-21,2017-05-27
W201722,W,2017,22,2017-22,2017-06-03,2017-05-28,2017-06-03
W201723,W,2017,23,2017-23,2017-06-10,2017-06-04,2017-06-10
W201724,W,2017,24,2017-24,2017-06-17,2017-06-11,2017-06-17
W201725,W,2017,25,2017-25,2017-06-24,2017-06-18,2017-06-24
W201726,W,2017,26,2017-26,2017-07-01,2017-06-25,2017-07-01
W201727,W,2017,27,2017-27,2017-07-08,2017-07-02,2017-07-08
W201728,W,2017,28,2017-28,2017-07-15,2017-07-09,2017-07-15
W201729,W,2017,29,2017-29,2017-07-22,2017-07-16,2017-07-22
W201730,W,2017,30,2017-30,2017-07-29,2017-07-23,2017-07-29
W201731,W,2017,31,2017-31,2017-08-05,2017-07-30,2017-08-05
W201732,W,2017,32,2017-32,2017-08-12,2017-08-06,2017-08-12
W201733,W,2017,33,2017-33,2017-08-19,2017-08-13,2017-08-19
W201734,W,2017,34,2017-34,2017-08-26,2017-08-20,2017-08-26
W201735,W,2017,35,2017-35,2017-09-02,2017-08-27,2017-09-02
W201736,W,2017,36,2017-36,2017-09-09,2017-09-03,2017-09-09
W201737,W,2017,37,2017-37,2017-09-16,2017-09-10,2017-09-16
W201738,W,2017,38,2017-38,2017-09-23,2017-09-17,2017-09-23
W201739,W,2017,39,2017-39,2017-09-30,2017-09-24,2017-09-30
W201740,W,2017,40,2017-40,2017-10-07,2017-10-01,2017-10-07
W201741,W,2017,41,2017-41,2017-10-14,2017-10-08,2017-10-14
W201742,W,2017,42,2017-42,2017-10-21,2017-10-15,2017-10-21
W201743,W,2017,43,2017-43,2017-10-28,2017-10-22,2017-10-28
W201744,W,2017,44,2017-44,2017-11-04,2017-10-29,2017-11-04
W201745,W,2017,45,2017-45,2017-11-11,2017-11-05,2017-11-11
W201746,W,2017,46,2017-46,2017-11-18,2017-11-12,2017-11-18
W201747,W,2017,47,2017-47,2017-11-25,2017-11-19,2017-11-25
W201748,W,2017,48,2017-48,2017-12-02,2017-11-26,2017-12-02
W201749,W,2017,49,2017-49,2017-12-09,2017-12-03,2017-12-09
W201750,W,2017,50,2017-50,2017-12-16,2017-12-10,2017-12-16
W201751,W,2017,51,2017-51,2017-12-23,2017-12-17,2017-12-23
W201752,W,2017,52,2017-52,2017-12-30,2017-12-24,2017-12-30
W201801,W,2018,1,2018-01,2018-01-06,2017-12-31,2018-01-06
W201802,W,2018,2,2018-02,2018-01-13,2018-01-07,2018-01-13
W201803,W,2018,3,2018-03,2018-01-20,2018-01-14,2018-01-20
W201804,W,2018,4,2018-04,2018-01-27,2018-01-21,2018-01-27
W201805,W,2018,5,2018-05,2018-02-03,2018-01-28,2018-02-03
W201806,W,2018,6,2018-06,2018-02-10,2018-02-04,2018-02-10
W201807,W,2018,7,2018-07,2018-02-17,2018-02-11,2018-02-17
W201808,W,2018,8,2018-08,2018-02-24,2018-02-18,2018-02-24
W201809,W,2018,9,2018-09,2018-03-03,2018-02-25,2018-03-03
W201810,W,2018,10,2018-10,2018-03-10,2018-03-04,2018-03-10
W201811,W,2018,11,2018-11,2018-03-17,2018-03-11,2018-03-17
W201812,W,2018,12,2018-12,2018-03-24,2018-03-18,2018-03-24
W201813,W,2018,13,2018-13,2018-03-31,2018-03-25,2018-03-31
W201814,W,2018,14,2018-14,2018-04-07,2018-04-01,2018-04-07
W201815,W,2018,15,2018-15,2018-04-14,2018-04-08,2018-04-14
W201816,W,2018,16,2018-16,2018-04-21,2018-04-15,2018-04-21
W201817,W,2018,17,2018-17,2018-04-28,2018-04-22,2018-04-28
W201818,W,2018,18,2018-18,2018-05-05,2018-04-29,2018-05-05
W201819,W,2018,19,2018-19,2018-05-12,2018-05-06,2018-05-12
W201820,W,2018,20,2018-20,2018-05-19,2018-05-13,2018-05-19
W201821,W,2018,21,2018-21,2018-05-26,2018-05-20,2018-05-26
W201822,W,2018,22,2018-22,2018-06-02,2018-05-27,2018-06-02
W201823,W,2018,23,2018-23,2018-06-09,2018-06-03,2018-06-09
W201824,W,2018,24,2018-24,2018-06-16,2018-06-10,2018-06-16
W201825,W,2018,25,2018-25,2018-06-23,2018-06-17,2018-06-23
W201826,W,2018,26,2018-26,2018-06-30,2018-06-24,2018-06-30
W201827,W,2018,27,2018-27,2018-07-07,2018-07-01,2018-07-07
W201828,W,2018,28,2018-28,2018-07-14,2018-07-08,2018-07-14
W201829,W,2018,29,2018-29,2018-07-21,2018-07-15,2018-07-21
W201830,W,2018,30,2018-30,2018-07-28,2018-07-22,2018-07-28
W201831,W,2018,31,2018-31,2018-08-04,2018-07-29,2018-08-04
W201832,W,2018,32,2018-32,2018-08-11,2018-08-05,2018-08-11
W201833,W,2018,33,2018-33,2018-08-18,2018-08-12,2018-08-18
W201834,W,2018,34,2018-34,2018-08-25,2018-08-19,2018-08-25
W201835,W,2018,35,2018-35,2018-09-01,2018-08-26,2018-09-01
W201836,W,2018,36,2018-36,2018-09-08,2018-09-02,2018-09-08
W201837,W,2018,37,2018-37,2018-09-15,2018-09-09,2018-09-15
W201838,W,2018,38,2018-38,2018-09-22,2018-09-16,2018-09-22
W201839,W,2018,39,2018-39,2018-09-29,2018-09-23,2018-09-29
W201840,W,2018,40,2018-40,2018-10-06,2018-09-30,2018-10-06
W201841,W,2018,41,2018-41,2018-10-13,2018-10-07,2018-10-13
W201842,W,2018,42,2018-42,2018-10-20,2018-10-14,2018-10-20
W201843,W,2018,43,2018-43,2018-10-27,2018-10-21,2018-10-27
W201844,W,2018,44,2018-44,2018-11-03,2018-10-28,2018-11-03
W201845,W,2018,45,2018-45,2018-11-10,2018-11-04,2018-11-10
W201846,W,2018,46,2018-46,2018-11-17,2018-11-11,2018-11-17
W201847,W,2018,47,2018-47,2018-11-24,2018-11-18,2018-11-24
W201848,W,2018,48,2018-48,2018-12-01,2018-11-25,2018-12-01
W201849,W,2018,49,2018-49,2018-12-08,2018-12-02,2018-12-08
W201850,W,2018,50,2018-50,2018-12-15,2018-12-09,2018-12-15
W201851,W,2018,51,2018-51,2018-12-22,2018-12-16,2018-12-22
W201852,W,2018,52,2018-52,2018-12-29,2018-12-23,2018-12-29
W201901,W,2019,1,2019-01,2019-01-05,2018-12-30,2019-01-05
W201902,W,2019,2,2019-02,2019-01-12,2019-01-06,2019-01-12
W201903,W,2019,3,2019-03,2019-01-19,2019-01-13,2019-01-19
W201904,W,2019,4,2019-04,2019-01-26,2019-01-20,2019-01-26
W201905,W,2019,5,2019-05,2019-02-02,2019-01-27,2019-02-02
W201906,W,2019,6,2019-06,2019-02-09,2019-02-03,2019-02-09
W201907,W,2019,7,2019-07,2019-02-16,2019-02-10,2019-02-16
W201908,W,2019,8,2019-08,2019-02-23,2019-02-17,2019-02-23
W201909,W,2019,9,2019-09,2019-03-02,2019-02-24,2019-03-02
W201910,W,2019,10,2019-10,2019-03-09,2019-03-03,2019-03-09
W201911,W,2019,11,2019-11,2019-03-16,2019-03-10,2019-03-16
W201912,W,2019,12,2019-12,2019-03-23,2019-03-17,2019-03-23
W201913,W,2019,13,2019-13,2019-03-30,2019-03-24,2019-03-30
W201914,W,2019,14,2019-14,2019-04-06,2019-03-31,2019-04-06
W201915,W,2019,15,2019-15,2019-04-13,2019-04-07,2019-04-13
W201916,W,2019,16,2019-16,2019-04-20,2019-04-14,2019-04-20
W201917,W,2019,17,2019-17,2019-04-27,2019-04-21,2019-04-27
W201918,W,2019,18,2019-18,2019-05-04,2019-04-28,2019-05-04
W201919,W,2019,19,2019-19,2019-05-11,2019-05-05,2019-05-11
W201920,W,2019,20,2019-20,2019-05-18,2019-05-12,2019-05-18
W201921,W,2019,21,2019-21,2019-05-25,2019-05-19,2019-05-25
W201922,W,2019,22,2019-22,2019-06-01,2019-05-26,2019-06-01
W201923,W,2019,23,2019-23,2019-06-08,2019-06-02,2019-06-08
W201924,W,2019,24,2019-24,2019-06-15,2019-06-09,2019-06-15
W201925,W,2019,25,2019-25,2019-06-22,2019-06-16,2019-06-22
W201926,W,2019,26,2019-26,2019-06-29,2019-06-23,2019-06-29
W201927,W,2019,27,2019-27,2019-07-06,2019-06-30,2019-07-06
W201928,W,2019,28,2019-28,2019-07-13,2019-07-07,2019-07-13
W201929,W,2019,29,2019-29,2019-07-20,2019-07-14,2019-07-20
W201930,W,2019,30,2019-30,2019-07-27,2019-07-21,2019-07-27
W201931,W,2019,31,2019-31,2019-08-03,2019-07-28,2019-08-03
W201932,W,2019,32,2019-32,2019-08-10,2019-08-04,2019-08-10
W201933,W,2019,33,2019-33,2019-08-17,2019-08-11,2019-08-17
W201934,W,2019,34,2019-34,2019-08-24,2019-08-18,2019-08-24
W201935,W,2019,35,2019-35,2019-08-31,2019-08-25,2019-08-31
W201936,W,2019,36,2019-36,2019-09-07,2019-09-01,2019-09-07
W201937,W,2019,37,2019-37,2019-09-14,2019-09-08,2019-09-14
W201938,W,2019,38,2019-38,2019-09-21,2019-09-15,2019-09-21
W201939,W,2019,39,2019-39,2019-09-28,2019-09-22,2019-09-28
W201940,W,2019,40,2019-40,2019-10-05,2019-09-29,2019-10-05
W201941,W,2019,41,2019-41,2019-10-12,2019-10-06,2019-10-12
W201942,W,2019,42,2019-42,2019-10-19,2019-10-13,2019-10-19
W201943,W,2019,43,2019-43,2019-10-26,2019-10-20,2019-10-26
W201944,W,2019,44,2019-44,2019-11-02,2019-10-27,2019-11-02
W201945,W,2019,45,2019-45,2019-11-09,2019-11-03,2019-11-09
W201946,W,2019,46,2019-46,2019-11-16,2019-11-10,2019-11-16
W201947,W,2019,47,2019-47,2019-11-23,2019-11-17,2019-11-23
W201948,W,2019,48,2019-48,2019-11-30,2019-11-24,2019-11-30
W201949,W,2019,49,2019-49,2019-12-07,2019-12-01,2019-12-07
W201950,W,2019,50,2019-50,2019-12-14,2019-12-08,2019-12-14
W201951,W,2019,51,2019-51,2019-12-21,2019-12-15,2019-12-21
W201952,W,2019,52,2019-52,2019-12-28,2019-12-22,2019-12-28
W202001,W,2020,1,2020-01,2020-01-04,2019-12-29,2020-01-04
W202002,W,2020,2,2020-02,2020-01-11,2020-01-05,2020-01-11
W202003,W,2020,3,2020-03,2020-01-18,2020-01-12,2020-01-18
W202004,W,2020,4,2020-04,2020-01-25,2020-01-19,2020-01-25
W202005,W,2020,5,2020-05,2020-02-01,2020-01-26,2020-02-01
W202006,W,2020,6,2020-06,2020-02-08,2020-02-02,2020-02-08
W202007,W,2020,7,2020-07,2020-02-15,2020-02-09,2020-02-15
W202008,W,2020,8,2020-08,2020-02-22,2020-02-16,2020-02-22
W202009,W,2020,9,2020-09,2020-02-29,2020-02-23,2020-02-29
W202010,W,2020,10,2020-10,2020-03-07,2020-03-01,2020-03-07
W202011,W,2020,11,2020-11,2020-03-14,2020-03-08,2020-03-14
W202012,W,2020,12,2020-12,2020-03-21,2020-03-15,2020-03-21
W202013,W,2020,13,2020-13,2020-03-28,2020-03-22,2020-03-28
W202014,W,2020,14,2020-14,2020-04-04,2020-03-29,2020-04-04
W202015,W,2020,15,2020-15,2020-04-11,2020-04-05,2020-04-11
W202016,W,2020,16,2020-16,2020-04-18,2020-04-12,2020-04-18
W202017,W,2020,17,2020-17,2020-04-25,2020-04-19,2020-04-25
W202018,W,2020,18,2020-18,2020-05-02,2020-04-26,2020-05-02
W202019,W,2020,19,2020-19,2020-05-09,2020-05-03,2020-05-09
W202020,W,2020,20,2020-20,2020-05-16,2020-05-10,2020-05-16
W202021,W,2020,21,2020-21,2020-05-23,2020-05-17,2020-05-23
W202022,W,2020,22,2020-22,2020-05-30,2020-05-24,2020-05-30
W202023,W,2020,23,2020-23,2020-06-06,2020-05-31,2020-06-06
W202024,W,2020,24,2020-24,2020-06-13,2020-06-07,2020-06-13
W202025,W,2020,25,2020-25,2020-06-20,2020-06-14,2020-06-20
W202026,W,2020,26,2020-26,2020-06-27,2020-06-21,2020-06-27
W202027,W,2020,27,2020-27,2020-07-04,2020-06-28,2020-07-04
W202028,W,2020,28,2020-28,2020-07-11,2020-07-05,2020-07-11
W202029,W,2020,29,2020-29,2020-07-18,2020-07-12,2020-07-18
W202030,W,2020,30,2020-30,2020-07-25,2020-07-19,2020-07-25
W202031,W,2020,31,2020-31,2020-08-01,2020-07-26,2020-08-01
W202032,W,2020,32,2020-32,2020-08-08,2020-08-02,2020-08-08
W202033,W,2020,33,2020-33,2020-08-15,2020-08-09,2020-08-15
W202034,W,2020,34,2020-34,2020-08-22,2020-08-16,2020-08-22
W202035,W,2020,35,2020-35,2020-08-29,2020-08-23,2020-08-29
W202036,W,2020,36,2020-36,2020-09-05,2020-08-30,2020-09-05
W202037,W,2020,37,2020-37,2020-09-12,2020-09-06,2020-09-12
W202038,W,2020,38,2020-38,2020-09-19,2020-09-13,2020-09-19
W202039,W,2020,39,2020-39,2020-09-26,2020-09-20,2020-09-26
W202040,W,2020,40,2020-40,2020-10-03,2020-09-27,2020-10-03
W202041,W,2020,41,2020-41,2020-10-10,2020-10-04,2020-10-10
W202042,W,2020,42,2020-42,2020-10-17,2020-10-11,2020-10-17
W202043,W,2020,43,2020-43,2020-10-24,2020-10-18,2020-10-24
W202044,W,2020,44,2020-44,2020-10-31,2020-10-25,2020-10-31
W202045,W,2020,45,2020-45,2020-11-07,2020-11-01,2020-11-07
W202046,W,2020,46,2020-46,2020-11-14,2020-11-08,2020-11-14
W202047,W,2020,47,2020-47,2020-11-21,2020-11-15,2020-11-21
W202048,W,2020,48,2020-48,2020-11-28,2020-11-22,2020-11-28
W202049,W,2020,49,2020-49,2020-12-05,2020-11-29,2020-12-05
W202050,W,2020,50,2020-50,2020-12-12,2020-12-06,2020-12-12
W202051,W,2020,51,2020-51,2020-12-19,2020-12-13,2020-12-19
W202052,W,2020,52,2020-52,2020-12-26,2020-12-20,2020-12-26
W202101,W,2021,1,2021-01,2021-01-02,2020-12-27,2021-01-02
W202102,W,2021,2,2021-02,2021-01-09,2021-01-03,2021-01-09
W202103,W,2021,3,2021-03,2021-01-16,2021-01-10,2021-01-16
W202104,W,2021,4,2021-04,2021-01-23,2021-01-17,2021-01-23
W202105,W,2021,5,2021-05,2021-01-30,2021-01-24,2021-01-30
W202106,W,2021,6,2021-06,2021-02-06,2021-01-31,2021-02-06
W202107,W,2021,7,2021-07,2021-02-13,2021-02-07,2021-02-13
W202108,W,2021,8,2021-08,2021-02-20,2021-02-14,2021-02-20
W202109,W,2021,9,2021-09,2021-02-27,2021-02-21,2021-02-27
W202110,W,2021,10,2021-10,2021-03-06,2021-02-28,2021-03-06
W202111,W,2021,11,2021-11,2021-03-13,2021-03-07,2021-03-13
W202112,W,2021,12,2021-12,2021-03-20,2021-03-14,2021-03-20
W202113,W,2021,13,2021-13,2021-03-27,2021-03-21,2021-03-27
W202114,W,2021,14,2021-14,2021-04-03,2021-03-28,2021-04-03
W202115,W,2021,15,2021-15,2021-04-10,2021-04-04,2021-04-10
W202116,W,2021,16,2021-16,2021-04-17,2021-04-11,2021-04-17
W202117,W,2021,17,2021-17,2021-04-24,2021-04-18,2021-04-24
W202118,W,2021,18,2021-18,2021-05-01,2021-04-25,2021-05-01
W202119,W,2021,19,2021-19,2021-05-08,2021-05-02,2021-05-08
W202120,W,2021,20,2021-20,2021-05-15,2021-05-09,2021-05-15
W202121,W,2021,21,2021-21,2021-05-22,2021-05-16,2021-05-22
W202122,W,2021,22,2021-22,2021-05-29,2021-05-23,2021-05-29
W202123,W,2021,23,2021-23,2021-06-05,2021-05-30,2021-06-05
W202124,W,2021,24,2021-24,2021-06-12,2021-06-06,2021-06-12
W202125,W,2021,25,2021-25,2021-06-19,2021-06-13,2021-06-19
W202126,W,2021,26,2021-26,2021-06-26,2021-06-20,2021-06-26
W202127,W,2021,27,2021-27,2021-07-03,2021-06-27,2021-07-03
W202128,W,2021,28,2021-28,2021-07-10,2021-07-04,2021-07-10
W202129,W,2021,29,2021-29,2021-07-17,2021-07-11,2021-07-17
W202130,W,2021,30,2021-30,2021-07-24,2021-07-18,2021-07-24
W202131,W,2021,31,2021-31,2021-07-31,2021-07-25,2021-07-31
W202132,W,2021,32,2021-32,2021-08-07,2021-08-01,2021-08-07
W202133,W,2021,33,2021-33,2021-08-14,2021-08-08,2021-08-14
W202134,W,2021,34,2021-34,2021-08-21,2021-08-15,2021-08-21
W202135,W,2021,35,2021-35,2021-08-28,2021-08-22,2021-08-28
W202136,W,2021,36,2021-36,2021-09-04,2021-08-29,2021-09-04
W202137,W,2021,37,2021-37,2021-09-11,2021-09-05,2021-09-11
W202138,W,2021,38,2021-38,2021-09-18,2021-09-12,2021-09-18
W202139,W,2021,39,2021-39,2021-09-25,2021-09-19,2021-09-25
W202140,W,2021,40,2021-40,2021-10-02,2021-09-26,2021-10-02
W202141,W,2021,41,2021-41,2021-10-09,2021-10-03,2021-10-09
W202142,W,2021,42,2021-42,2021-10-16,2021-10-10,2021-10-16
W202143,W,2021,43,2021-43,2021-10-23,2021-10-17,2021-10-23
W202144,W,2021,44,2021-44,2021-10-30,2021-10-24,2021-10-30
W202145,W,2021,45,2021-45,2021-11-06,2021-10-31,2021-11-06
W202146,W,2021,46,2021-46,2021-11-13,2021-11-07,2021-11-13
W202147,W,2021,47,2021-47,2021-11-20,2021-11-14,2021-11-20
W202148,W,2021,48,2021-48,2021-11-27,2021-11-21,2021-11-27
W202149,W,2021,49,2021-49,2021-12-04,2021-11-28,2021-12-04
W202150,W,2021,50,2021-50,2021-12-11,2021-12-05,2021-12-11
W202151,W,2021,51,2021-51,2021-12-18,2021-12-12,2021-12-18
W202152,W,2021,52,2021-52,2021-12-25,2021-12-19,2021-12-25
W202201,W,2022,1,2022-01,2022-01-01,2021-12-26,2022-01-01
W202202,W,2022,2,2022-02,2022-01-08,2022-01-02,2022-01-08
W202203,W,2022,3,2022-03,2022-01-15,2022-01-09,2022-01-15
W202204,W,2022,4,2022-04,2022-01-22,2022-01-16,2022-01-22
W202205,W,2022,5,2022-05,2022-01-29,2022-01-23,2022-01-29
W202206,W,2022,6,2022-06,2022-02-05,2022-01-30,2022-02-05
W202207,W,2022,7,2022-07,2022-02-12,2022-02-06,2022-02-12
W202208,W,2022,8,2022-08,2022-02-19,2022-02-13,2022-02-19
W202209,W,2022,9,2022-09,2022-02-26,2022-02-20,2022-02-26
W202210,W,2022,10,2022-10,2022-03-05,2022-02-27,2022-03-05
W202211,W,2022,11,2022-11,2022-03-12,2022-03-06,2022-03-12
W202212,W,2022,12,2022-12,2022-03-19,2022-03-13,2022-03-19
W202213,W,2022,13,2022-13,2022-03-26,2022-03-20,2022-03-26
W202214,W,2022,14,2022-14,2022-04-02,2022-03-27,2022-04-02
W202215,W,2022,15,2022-15,2022-04-09,2022-04-03,2022-04-09
W202216,W,2022,16,2022-16,2022-04-16,2022-04-10,2022-04-16
W202217,W,2022,17,2022-17,2022-04-23,2022-04-17,2022-04-23
W202218,W,2022,18,2022-18,2022-04-30,2022-04-24,2022-04-30
W202219,W,2022,19,2022-19,2022-05-07,2022-05-01,2022-05-07
W202220,W,2022,20,2022-20,2022-05-14,2022-05-08,2022-05-14
W202221,W,2022,21,2022-21,2022-05-21,2022-05-15,2022-05-21
W202222,W,2022,22,2022-22,2022-05-28,2022-05-22,2022-05-28
W202223,W,2022,23,2022-23,2022-06-04,2022-05-29,2022-06-04
W202224,W,2022,24,2022-24,2022-06-11,2022-06-05,2022-06-11
W202225,W,2022,25,2022-25,2022-06-18,2022-06-12,2022-06-18
W202226,W,2022,26,2022-26,2022-06-25,2022-06-19,2022-06-25
W202227,W,2022,27,2022-27,2022-07-02,2022-06-26,2022-07-02
W202228,W,2022,28,2022-28,2022-07-09,2022-07-03,2022-07-09
W202229,W,2022,29,2022-29,2022-07-16,2022-07-10,2022-07-16
W202230,W,2022,30,2022-30,2022-07-23,2022-07-17,2022-07-23
W202231,W,2022,31,2022-31,2022-07-30,2022-07-24,2022-07-30
W202232,W,2022,32,2022-32,2022-08-06,2022-07-31,2022-08-06
W202233,W,2022,33,2022-33,2022-08-13,2022-08-07,2022-08-13
W202234,W,2022,34,2022-34,2022-08-20,2022-08-14,2022-08-20
W202235,W,2022,35,2022-35,2022-08-27,2022-08-21,2022-08-27
W202236,W,2022,36,2022-36,2022-09-03,2022-08-28,2022-09-03
W202237,W,2022,37,2022-37,2022-09-10,2022-09-04,2022-09-10
W202238,W,2022,38,2022-38,2022-09-17,2022-09-11,2022-09-17
W202239,W,2022,39,2022-39,2022-09-24,2022-09-18,2022-09-24
W202240,W,2022,40,2022-40,2022-10-01,2022-09-25,2022-10-01
W202241,W,2022,41,2022-41,2022-10-08,2022-10-02,2022-10-08
W202242,W,2022,42,2022-42,2022-10-15,2022-10-09,2022-10-15
W202243,W,2022,43,2022-43,2022-10-22,2022-10-16,2022-10-22
W202244,W,2022,44,2022-44,2022-10-29,2022-10-23,2022-10-29
W202245,W,2022,45,2022-45,2022-11-05,2022-10-30,2022-11-05
W202246,W,2022,46,2022-46,2022-11-12,2022-11-06,2022-11-12
W202247,W,2022,47,2022-47,2022-11-19,2022-11-13,2022-11-19
W202248,W,2022,48,2022-48,2022-11-26,2022-11-20,2022-11-26
W202249,W,2022,49,2022-49,2022-12-03,2022-11-27,2022-12-03
W202250,W,2022,50,2022-50,2022-12-10,2022-12-04,2022-12-10
W202251,W,2022,51,2022-51,2022-12-17,2022-12-11,2022-12-17
W202252,W,2022,52,2022-52,2022-12-24,2022-12-18,2022-12-24
W202253,W,2022,53,2022-53,2022-12-31,2022-12-25,2022-12-31
W202301,W,2023,1,2023-01,2023-01-07,2023-01-01,2023-01-07
W202302,W,2023,2,2023-02,2023-01-14,2023-01-08,2023-01-14
W202303,W,2023,3,2023-03,2023-01-21,2023-01-15,2023-01-21
W202304,W,2023,4,2023-04,2023-01-28,2023-01-22,2023-01-28
W202305,W,2023,5,2023-05,2023-02-04,2023-01-29,2023-02-04
W202306,W,2023,6,2023-06,2023-02-11,2023-02-05,2023-02-11
W202307,W,2023,7,2023-07,2023-02-18,2023-02-12,2023-02-18
W202308,W,2023,8,2023-08,2023-02-25,2023-02-19,2023-02-25
W202309,W,2023,9,2023-09,2023-03-04,2023-02-26,2023-03-04
W202310,W,2023,10,2023-10,2023-03-11,2023-03-05,2023-03-11
W202311,W,2023,11,2023-11,2023-03-18,2023-03-12,2023-03-18
W202312,W,2023,12,2023-12,2023-03-25,2023-03-19,2023-03-25
W202313,W,2023,13,2023-13,2023-04-01,2023-03-26,2023-04-01
W202314,W,2023,14,2023-14,2023-04-08,2023-04-02,2023-04-08
W202315,W,2023,15,2023-15,2023-04-15,2023-04-09,2023-04-15
W202316,W,2023,16,2023-16,2023-04-22,2023-04-16,2023-04-22
W202317,W,2023,17,2023-17,2023-04-29,2023-04-23,2023-04-29
W202318,W,2023,18,2023-18,2023-05-06,2023-04-30,2023-05-06
W202319,W,2023,19,2023-19,2023-05-13,2023-05-07,2023-05-13
W202320,W,2023,20,2023-20,2023-05-20,2023-05-14,2023-05-20
W202321,W,2023,21,2023-21,2023-05-27,2023-05-21,2023-05-27
W202322,W,2023,22,2023-22,2023-06-03,2023-05-28,2023-06-03
W202323,W,2023,23,2023-23,2023-06-10,2023-06-04,2023-06-10
W202324,W,2023,24,2023-24,2023-06-17,2023-06-11,2023-06-17
W202325,W,2023,25,2023-25,2023-06-24,2023-06-18,2023-06-24
W202326,W,2023,26,2023-26,2023-07-01,2023-06-25,2023-07-01
W202327,W,2023,27,2023-27,2023-07-08,2023-07-02,2023-07-08
W202328,W,2023,28,2023-28,2023-07-15,2023-07-09,2023-07-15
W202329,W,2023,29,2023-29,2023-07-22,2023-07-16,2023-07-22
W202330,W,2023,30,2023-30,2023-07-29,2023-07-23,2023-07-29
W202331,W,2023,31,2023-31,2023-08-05,2023-07-30,2023-08-05
W202332,W,2023,32,2023-32,2023-08-12,2023-08-06,2023-08-12
W202333,W,2023,33,2023-33,2023-08-19,2023-08-13,2023-08-19
W202334,W,2023,34,2023-34,2023-08-26,2023-08-20,2023-08-26
W202335,W,2023,35,2023-35,2023-09-02,2023-08-27,2023-09-02
W202336,W,2023,36,2023-36,2023-09-09,2023-09-03,2023-09-09
W202337,W,2023,37,2023-37,2023-09-16,2023-09-10,2023-09-16
W202338,W,2023,38,2023-38,2023-09-23,2023-09-17,2023-09-23
W202339,W,2023,39,2023-39,2023-09-30,2023-09-24,2023-09-30
W202340,W,2023,40,2023-40,2023-10-07,2023-10-01,2023-10-07
W202341,W,2023,41,2023-41,2023-10-14,2023-10-08,2023-10-14
W202342,W,2023,42,2023-42,2023-10-21,2023-10-15,2023-10-21
W202343,W,2023,43,2023-43,2023-10-28,2023-10-22,2023-10-28
W202344,W,2023,44,2023-44,2023-11-04,2023-10-29,2023-11-04
W202345,W,2023,45,2023-45,2023-11-11,2023-11-05,2023-11-11
W202346,W,2023,46,2023-46,2023-11-18,2023-11-12,2023-11-18
W202347,W,2023,47,2023-47,2023-11-25,2023-11-19,2023-11-25
W202348,W,2023,48,2023-48,2023-12-02,2023-11-26,2023-12-02
W202349,W,2023,49,2023-49,2023-12-09,2023-12-03,2023-12-09
W202350,W,2023,50,2023-50,2023-12-16,2023-12-10,2023-12-16
W202351,W,2023,51,2023-51,2023-12-23,2023-12-17,2023-12-23
W202352,W,2023,52,2023-52,2023-12-30,2023-12-24,2023-12-30
W202401,W,2024,1,2024-01,2024-01-06,2023-12-31,2024-01-06
W202402,W,2024,2,2024-02,2024-01-13,2024-01-07,2024-01-13
W202403,W,2024,3,2024-03,2024-01-20,2024-01-14,2024-01-20
W202404,W,2024,4,2024-04,2024-01-27,2024-01-21,2024-01-27
W202405,W,2024,5,2024-05,2024-02-03,2024-01-28,2024-02-03
W202406,W,2024,6,2024-06,2024-02-10,2024-02-04,2024-02-10
W202407,W,2024,7,2024-07,2024-02-17,2024-02-11,2024-02-17
W202408,W,2024,8,2024-08,2024-02-24,2024-02-18,2024-02-24
W202409,W,2024,9,2024-09,2024-03-02,2024-02-25,2024-03-02
W202410,W,2024,10,2024-10,2024-03-09,2024-03-03,2024-03-09
W202411,W,2024,11,2024-11,2024-03-16,2024-03-10,2024-03-16
W202412,W,2024,12,2024-12,2024-03-23,2024-03-17,2024-03-23
W202413,W,2024,13,2024-13,2024-03-30,2024-03-24,2024-03-30
W202414,W,2024,14,2024-14,2024-04-06,2024-03-31,2024-04-06
W202415,W,2024,15,2024-15,2024-04-13,2024-04-07,2024-04-13
W202416,W,2024,16,2024-16,2024-04-20,2024-04-14,2024-04-20
W202417,W,2024,17,2024-17,2024-04-27,2024-04-21,2024-04-27
W202418,W,2024,18,2024-18,2024-05-04,2024-04-28,2024-05-04
W202419,W,2024,19,2024-19,2024-05-11,2024-05-05,2024-05-11
W202420,W,2024,20,2024-20,2024-05-18,2024-05-12,2024-05-18
W202421,W,2024,21,2024-21,2024-05-25,2024-05-19,2024-05-25
W202422,W,2024,22,2024-22,2024-06-01,2024-05-26,2024-06-01
W202423,W,2024,23,2024-23,2024-06-08,2024-06-02,2024-06-08
W202424,W,2024,24,2024-24,2024-06-15,2024-06-09,2024-06-15
W202425,W,2024,25,2024-25,2024-06-22,2024-06-16,2024-06-22
W202426,W,2024,26,2024-26,2024-06-29,2024-06-23,2024-06-29
W202427,W,2024,27,2024-27,2024-07-06,2024-06-30,2024-07-06
W202428,W,2024,28,2024-28,2024-07-13,2024-07-07,2024-07-13
W202429,W,2024,29,2024-29,2024-07-20,2024-07-14,2024-07-20
W202430,W,2024,30,2024-30,2024-07-27,2024-07-21,2024-07-27
W202431,W,2024,31,2024-31,2024-08-03,2024-07-28,2024-08-03
W202432,W,2024,32,2024-32,2024-08-10,2024-08-04,2024-08-10
W202433,W,2024,33,2024-33,2024-08-17,2024-08-11,2024-08-17
W202434,W,2024,34,2024-34,2024-08-24,2024-08-18,2024-08-24
W202435,W,2024,35,2024-35,2024-08-31,2024-08-25,2024-08-31
W202436,W,2024,36,2024-36,2024-09-07,2024-09-01,2024-09-07
W202437,W,2024,37,2024-37,2024-09-14,2024-09-08,2024-09-14
W202438,W,2024,38,2024-38,2024-09-21,2024-09-15,2024-09-21
W202439,W,2024,39,2024-39,2024-09-28,2024-09-22,2024-09-28
W202440,W,2024,40,2024-40,2024-10-05,2024-09-29,2024-10-05
W202441,W,2024,41,2024-41,2024-10-12,2024-10-06,2024-10-12
W202442,W,2024,42,2024-42,2024-10-19,2024-10-13,2024-10-19
W202443,W,2024,43,2024-43,2024-10-26,2024-10-20,2024-10-26
W202444,W,2024,44,2024-44,2024-11-02,2024-10-27,2024-11-02
W202445,W,2024,45,2024-45,2024-11-09,2024-11-03,2024-11-09
W202446,W,2024,46,2024-46,2024-11-16,2024-11-10,2024-11-16
W202447,W,2024,47,2024-47,2024-11-23,2024-11-17,2024-11-23
W202448,W,2024,48,2024-48,2024-11-30,2024-11-24,2024-11-30
W202449,W,2024,49,2024-49,2024-12-07,2024-12-01,2024-12-07
W202450,W,2024,50,2024-50,2024-12-14,2024-12-08,2024-12-14
W202451,W,2024,51,2024-51,2024-12-21,2024-12-15,2024-12-21
W202452,W,2024,52,2024-52,2024-12-28,2024-12-22,2024-12-28
W202501,W,2025,1,2025-01,2025-01-04,2024-12-29,2025-01-04
W202502,W,2025,2,2025-02,2025-01-11,2025-01-05,2025-01-11
W202503,W,2025,3,2025-03,2025-01-18,2025-01-12,2025-01-18
W202504,W,2025,4,2025-04,2025-01-25,2025-01-19,2025-01-25
W202505,W,2025,5,2025-05,2025-02-01,2025-01-26,2025-02-01
W202506,W,2025,6,2025-06,2025-02-08,2025-02-02,2025-02-08
W202507,W,2025,7,2025-07,2025-02-15,2025-02-09,2025-02-15
W202508,W,2025,8,2025-08,2025-02-22,2025-02-16,2025-02-22
W202509,W,2025,9,2025-09,2025-03-01,2025-02-23,2025-03-01
W202510,W,2025,10,2025-10,2025-03-08,2025-03-02,2025-03-08
W202511,W,2025,11,2025-11,2025-03-15,2025-03-09,2025-03-15
W202512,W,2025,12,2025-12,2025-03-22,2025-03-16,2025-03-22
W202513,W,2025,13,2025-13,2025-03-29,2025-03-23,2025-03-29
W202514,W,2025,14,2025-14,2025-04-05,2025-03-30,2025-04-05
W202515,W,2025,15,2025-15,2025-04-12,2025-04-06,2025-04-12
W202516,W,2025,16,2025-16,2025-04-19,2025-04-13,2025-04-19
W202517,W,2025,17,2025-17,2025-04-26,2025-04-20,2025-04-26
W202518,W,2025,18,2025-18,2025-05-03,2025-04-27,2025-05-03
W202519,W,2025,19,2025-19,2025-05-10,2025-05-04,2025-05-10
W202520,W,2025,20,2025-20,2025-05-17,2025-05-11,2025-05-17
W202521,W,2025,21,2025-21,2025-05-24,2025-05-18,2025-05-24
W202522,W,2025,22,2025-22,2025-05-31,2025-05-25,2025-05-31
W202523,W,2025,23,2025-23,2025-06-07,2025-06-01,2025-06-07
W202524,W,2025,24,2025-24,2025-06-14,2025-06-08,2025-06-14
W202525,W,2025,25,2025-25,2025-06-21,2025-06-15,2025-06-21
W202526,W,2025,26,2025-26,2025-06-28,2025-06-22,2025-06-28
W202527,W,2025,27,2025-27,2025-07-05,2025-06-29,2025-07-05
W202528,W,2025,28,2025-28,2025-07-12,2025-07-06,2025-07-12
W202529,W,2025,29,2025-29,2025-07-19,2025-07-13,2025-07-19
W202530,W,2025,30,2025-30,2025-07-26,2025-07-20,2025-07-26
W202531,W,2025,31,2025-31,2025-08-02,2025-07-27,2025-08-02
W202532,W,2025,32,2025-32,2025-08-09,2025-08-03,2025-08-09
W202533,W,2025,33,2025-33,2025-08-16,2025-08-10,2025-08-16
W202534,W,2025,34,2025-34,2025-08-23,2025-08-17,2025-08-23
W202535,W,2025,35,2025-35,2025-08-30,2025-08-24,2025-08-30
W202536,W,2025,36,2025-36,2025-09-06,2025-08-31,2025-09-06
W202537,W,2025,37,2025-37,2025-09-13,2025-09-07,2025-09-13
W202538,W,2025,38,2025-38,2025-09-20,2025-09-14,2025-09-20
W202539,W,2025,39,2025-39,2025-09-27,2025-09-21,2025-09-27
W202540,W,2025,40,2025-40,2025-10-04,2025-09-28,2025-10-04
W202541,W,2025,41,2025-41,2025-10-11,2025-10-05,2025-10-11
W202542,W,2025,42,2025-42,2025-10-18,2025-10-12,2025-10-18
W202543,W,2025,43,2025-43,2025-10-25,2025-10-19,2025-10-25
W202544,W,2025,44,2025-44,2025-11-01,2025-10-26,2025-11-01
W202545,W,2025,45,2025-45,2025-11-08,2025-11-02,2025-11-08
W202546,W,2025,46,2025-46,2025-11-15,2025-11-09,2025-11-15
W202547,W,2025,47,2025-47,2025-11-22,2025-11-16,2025-11-22
W202548,W,2025,48,2025-48,2025-11-29,2025-11-23,2025-11-29
W202549,W,2025,49,2025-49,2025-12-06,2025-11-30,2025-12-06
W202550,W,2025,50,2025-50,2025-12-13,2025-12-07,2025-12-13
W202551,W,2025,51,2025-51,2025-12-20,2025-12-14,2025-12-20
W202552,W,2025,52,2025-52,2025-12-27,2025-12-21,2025-12-27
W202601,W,2026,1,2026-01,2026-01-03,2025-12-28,2026-01-03
W202602,W,2026,2,2026-02,2026-01-10,2026-01-04,2026-01-10
W202603,W,2026,3,2026-03,2026-01-17,2026-01-11,2026-01-17
W202604,W,2026,4,2026-04,2026-01-24,2026-01-18,2026-01-24
W202605,W,2026,5,2026-05,2026-01-31,2026-01-25,2026-01-31
W202606,W,2026,6,2026-06,2026-02-07,2026-02-01,2026-02-07
W202607,W,2026,7,2026-07,2026-02-14,2026-02-08,2026-02-14
W202608,W,2026,8,2026-08,2026-02-21,2026-02-15,2026-02-21
W202609,W,2026,9,2026-09,2026-02-28,2026-02-22,2026-02-28
W202610,W,2026,10,2026-10,2026-03-07,2026-03-01,2026-03-07
W202611,W,2026,11,2026-11,2026-03-14,2026-03-08,2026-03-14
W202612,W,2026,12,2026-12,2026-03-21,2026-03-15,2026-03-21
W202613,W,2026,13,2026-13,2026-03-28,2026-03-22,2026-03-28
W202614,W,2026,14,2026-14,2026-04-04,2026-03-29,2026-04-04
W202615,W,2026,15,2026-15,2026-04-11,2026-04-05,2026-04-11
W202616,W,2026,16,2026-16,2026-04-18,2026-04-12,2026-04-18
W202617,W,2026,17,2026-17,2026-04-25,2026-04-19,2026-04-25
W202618,W,2026,18,2026-18,2026-05-02,2026-04-26,2026-05-02
W202619,W,2026,19,2026-19,2026-05-09,2026-05-03,2026-05-09
W202620,W,2026,20,2026-20,2026-05-16,2026-05-10,2026-05-16
W202621,W,2026,21,2026-21,2026-05-23,2026-05-17,2026-05-23
W202622,W,2026,22,2026-22,2026-05-30,2026-05-24,2026-05-30
W202623,W,2026,23,2026-23,2026-06-06,2026-05-31,2026-06-06
W202624,W,2026,24,2026-24,2026-06-13,2026-06-07,2026-06-13
W202625,W,2026,25,2026-25,2026-06-20,2026-06-14,2026-06-20
W202626,W,2026,26,2026-26,2026-06-27,2026-06-21,2026-06-27
W202627,W,2026,27,2026-27,2026-07-04,2026-06-28,2026-07-04
W202628,W,2026,28,2026-28,2026-07-11,2026-07-05,2026-07-11
W202629,W,2026,29,2026-29,2026-07-18,2026-07-12,2026-07-18
W202630,W,2026,30,2026-30,2026-07-25,2026-07-19,2026-07-25
W202631,W,2026,31,2026-31,2026-08-01,2026-07-26,2026-08-01
W202632,W,2026,32,2026-32,2026-08-08,2026-08-02,2026-08-08
W202633,W,2026,33,2026-33,2026-08-15,2026-08-09,2026-08-15
W202634,W,2026,34,2026-34,2026-08-22,2026-08-16,2026-08-22
W202635,W,2026,35,2026-35,2026-08-29,2026-08-23,2026-08-29
W202636,W,2026,36,2026-36,2026-09-05,2026-08-30,2026-09-05
W202637,W,2026,37,2026-37,2026-09-12,2026-09-06,2026-09-12
W202638,W,2026,38,2026-38,2026-09-19,2026-09-13,2026-09-19
W202639,W,2026,39,2026-39,2026-09-26,2026-09-20,2026-09-26
W202640,W,2026,40,2026-40,2026-10-03,2026-09-27,2026-10-03
W202641,W,2026,41,2026-41,2026-10-10,2026-10-04,2026-10-10
W202642,W,2026,42,2026-42,2026-10-17,2026-10-11,2026-10-17
W202643,W,2026,43,2026-43,2026-10-24,2026-10-18,2026-10-24
W202644,W,2026,44,2026-44,2026-10-31,2026-10-25,2026-10-31
W202645,W,2026,45,2026-45,2026-11-07,2026-11-01,2026-11-07
W202646,W,2026,46,2026-46,2026-11-14,2026-11-08,2026-11-14
W202647,W,2026,47,2026-47,2026-11-21,2026-11-15,2026-11-21
W202648,W,2026,48,2026-48,2026-11-28,2026-11-22,2026-11-28
W202649,W,2026,49,2026-49,2026-12-05,2026-11-29,2026-12-05
W202650,W,2026,50,2026-50,2026-12-12,2026-12-06,2026-12-12
W202651,W,2026,51,2026-51,2026-12-19,2026-12-13,2026-12-19
W202652,W,2026,52,2026-52,2026-12-26,2026-12-20,2026-12-26
W202701,W,2027,1,2027-01,2027-01-02,2026-12-27,2027-01-02
W202702,W,2027,2,2027-02,2027-01-09,2027-01-03,2027-01-09
W202703,W,2027,3,2027-03,2027-01-16,2027-01-10,2027-01-16
W202704,W,2027,4,2027-04,2027-01-23,2027-01-17,2027-01-23
W202705,W,2027,5,2027-05,2027-01-30,2027-01-24,2027-01-30
W202706,W,2027,6,2027-06,2027-02-06,2027-01-31,2027-02-06
W202707,W,2027,7,2027-07,2027-02-13,2027-02-07,2027-02-13
W202708,W,2027,8,2027-08,2027-02-20,2027-02-14,2027-02-20
W202709,W,2027,9,2027-09,2027-02-27,2027-02-21,2027-02-27
W202710,W,2027,10,2027-10,2027-03-06,2027-02-28,2027-03-06
W202711,W,2027,11,2027-11,2027-03-13,2027-03-07,2027-03-13
W202712,W,2027,12,2027-12,2027-03-20,2027-03-14,2027-03-20
W202713,W,2027,13,2027-13,2027-03-27,2027-03-21,2027-03-27
W202714,W,2027,14,2027-14,2027-04-03,2027-03-28,2027-04-03
W202715,W,2027,15,2027-15,2027-04-10,2027-04-04,2027-04-10
W202716,W,2027,16,2027-16,2027-04-17,2027-04-11,2027-04-17
W202717,W,2027,17,2027-17,2027-04-24,2027-04-18,2027-04-24
W202718,W,2027,18,2027-18,2027-05-01,2027-04-25,2027-05-01
W202719,W,2027,19,2027-19,2027-05-08,2027-05-02,2027-05-08
W202720,W,2027,20,2027-20,2027-05-15,2027-05-09,2027-05-15
W202721,W,2027,21,2027-21,2027-05-22,2027-05-16,2027-05-22
W202722,W,2027,22,2027-22,2027-05-29,2027-05-23,2027-05-29
W202723,W,2027,23,2027-23,2027-06-05,2027-05-30,2027-06-05
W202724,W,2027,24,2027-24,2027-06-12,2027-06-06,2027-06-12
W202725,W,2027,25,2027-25,2027-06-19,2027-06-13,2027-06-19
W202726,W,2027,26,2027-26,2027-06-26,2027-06-20,2027-06-26
W202727,W,2027,27,2027-27,2027-07-03,2027-06-27,2027-07-03
W202728,W,2027,28,2027-28,2027-07-10,2027-07-04,2027-07-10
W202729,W,2027,29,2027-29,2027-07-17,2027-07-11,2027-07-17
W202730,W,2027,30,2027-30,2027-07-24,2027-07-18,2027-07-24
W202731,W,2027,31,2027-31,2027-07-31,2027-07-25,2027-07-31
W202732,W,2027,32,2027-32,2027-08-07,2027-08-01,2027-08-07
W202733,W,2027,33,2027-33,2027-08-14,2027-08-08,2027-08-14
W202734,W,2027,34,2027-34,2027-08-21,2027-08-15,2027-08-21
W202735,W,2027,35,2027-35,2027-08-28,2027-08-22,2027-08-28
W202736,W,2027,36,2027-36,2027-09-04,2027-08-29,2027-09-04
W202737,W,2027,37,2027-37,2027-09-11,2027-09-05,2027-09-11
W202738,W,2027,38,2027-38,2027-09-18,2027-09-12,2027-09-18
W202739,W,2027,39,2027-39,2027-09-25,2027-09-19,2027-09-25
W202740,W,2027,40,2027-40,2027-10-02,2027-09-26,2027-10-02
W202741,W,2027,41,2027-41,2027-10-09,2027-10-03,2027-10-09
W202742,W,2027,42,2027-42,2027-10-16,2027-10-10,2027-10-16
W202743,W,2027,43,2027-43,2027-10-23,2027-10-17,2027-10-23
W202744,W,2027,44,2027-44,2027-10-30,2027-10-24,2027-10-30
W202745,W,2027,45,2027-45,2027-11-06,2027-10-31,2027-11-06
W202746,W,2027,46,2027-46,2027-11-13,2027-11-07,2027-11-13
W202747,W,2027,47,2027-47,2027-11-20,2027-11-14,2027-11-20
W202748,W,2027,48,2027-48,2027-11-27,2027-11-21,2027-11-27
W202749,W,2027,49,2027-49,2027-12-04,2027-11-28,2027-12-04
W202750,W,2027,50,2027-50,2027-12-11,2027-12-05,2027-12-11
W202751,W,2027,51,2027-51,2027-12-18,2027-12-12,2027-12-18
W202752,W,2027,52,2027-52,2027-12-25,2027-12-19,2027-12-25
W202801,W,2028,1,2028-01,2028-01-01,2027-12-26,2028-01-01
W202802,W,2028,2,2028-02,2028-01-08,2028-01-02,2028-01-08
W202803,W,2028,3,2028-03,2028-01-15,2028-01-09,2028-01-15
W202804,W,2028,4,2028-04,2028-01-22,2028-01-16,2028-01-22
W202805,W,2028,5,2028-05,2028-01-29,2028-01-23,2028-01-29
W202806,W,2028,6,2028-06,2028-02-05,2028-01-30,2028-02-05
W202807,W,2028,7,2028-07,2028-02-12,2028-02-06,2028-02-12
W202808,W,2028,8,2028-08,2028-02-19,2028-02-13,2028-02-19
W202809,W,2028,9,2028-09,2028-02-26,2028-02-20,2028-02-26
W202810,W,2028,10,2028-10,2028-03-04,2028-02-27,2028-03-04
W202811,W,2028,11,2028-11,2028-03-11,2028-03-05,2028-03-11
W202812,W,2028,12,2028-12,2028-03-18,2028-03-12,2028-03-18
W202813,W,2028,13,2028-13,2028-03-25,2028-03-19,2028-03-25
W202814,W,2028,14,2028-14,2028-04-01,2028-03-26,2028-04-01
W202815,W,2028,15,2028-15,2028-04-08,2028-04-02,2028-04-08
W202816,W,2028,16,2028-16,2028-04-15,2028-04-09,2028-04-15
W202817,W,2028,17,2028-17,2028-04-22,2028-04-16,2028-04-22
W202818,W,2028,18,2028-18,2028-04-29,2028-04-23,2028-04-29
W202819,W,2028,19,2028-19,2028-05-06,2028-04-30,2028-05-06
W202820,W,2028,20,2028-20,2028-05-13,2028-05-07,2028-05-13
W202821,W,2028,21,2028-21,2028-05-20,2028-05-14,2028-05-20
W202822,W,2028,22,2028-22,2028-05-27,2028-05-21,2028-05-27
W202823,W,2028,23,2028-23,2028-06-03,2028-05-28,2028-06-03
W202824,W,2028,24,2028-24,2028-06-10,2028-06-04,2028-06-10
W202825,W,2028,25,2028-25,2028-06-17,2028-06-11,2028-06-17
W202826,W,2028,26,2028-26,2028-06-24,2028-06-18,2028-06-24
W202827,W,2028,27,2028-27,2028-07-01,2028-06-25,2028-07-01
W202828,W,2028,28,2028-28,2028-07-08,2028-07-02,2028-07-08
W202829,W,2028,29,2028-29,2028-07-15,2028-07-09,2028-07-15
W202830,W,2028,30,2028-30,2028-07-22,2028-07-16,2028-07-22
W202831,W,2028,31,2028-31,2028-07-29,2028-07-23,2028-07-29
W202832,W,2028,32,2028-32,2028-08-05,2028-07-30,2028-08-05
W202833,W,2028,33,2028-33,2028-08-12,2028-08-06,2028-08-12
W202834,W,2028,34,2028-34,2028-08-19,2028-08-13,2028-08-19
W202835,W,2028,35,2028-35,2028-08-26,2028-08-20,2028-08-26
W202836,W,2028,36,2028-36,2028-09-02,2028-08-27,2028-09-02
W202837,W,2028,37,2028-37,2028-09-09,2028-09-03,2028-09-09
W202838,W,2028,38,2028-38,2028-09-16,2028-09-10,2028-09-16
W202839,W,2028,39,2028-39,2028-09-23,2028-09-17,2028-09-23
W202840,W,2028,40,2028-40,2028-09-30,2028-09-24,2028-09-30
W202841,W,2028,41,2028-41,2028-10-07,2028-10-01,2028-10-07
W202842,W,2028,42,2028-42,2028-10-14,2028-10-08,2028-10-14
W202843,W,2028,43,2028-43,2028-10-21,2028-10-15,2028-10-21
W202844,W,2028,44,2028-44,2028-10-28,2028-10-22,2028-10-28
W202845,W,2028,45,2028-45,2028-11-04,2028-10-29,2028-11-04
W202846,W,2028,46,2028-46,2028-11-11,2028-11-05,2028-11-11
W202847,W,2028,47,2028-47,2028-11-18,2028-11-12,2028-11-18
W202848,W,2028,48,2028-48,2028-11-25,2028-11-19,2028-11-25
W202849,W,2028,49,2028-49,2028-12-02,2028-11-26,2028-12-02
W202850,W,2028,50,2028-50,2028-12-09,2028-12-03,2028-12-09
W202851,W,2028,51,2028-51,2028-12-16,2028-12-10,2028-12-16
W202852,W,2028,52,2028-52,2028-12-23,2028-12-17,2028-12-23
W202853,W,2028,53,2028-53,2028-12-30,2028-12-24,2028-12-30
W202901,W,2029,1,2029-01,2029-01-06,2028-12-31,2029-01-06
W202902,W,2029,2,2029-02,2029-01-13,2029-01-07,2029-01-13
W202903,W,2029,3,2029-03,2029-01-20,2029-01-14,2029-01-20
W202904,W,2029,4,2029-04,2029-01-27,2029-01-21,2029-01-27
W202905,W,2029,5,2029-05,2029-02-03,2029-01-28,2029-02-03
W202906,W,2029,6,2029-06,2029-02-10,2029-02-04,2029-02-10
W202907,W,2029,7,2029-07,2029-02-17,2029-02-11,2029-02-17
W202908,W,2029,8,2029-08,2029-02-24,2029-02-18,2029-02-24
W202909,W,2029,9,2029-09,2029-03-03,2029-02-25,2029-03-03
W202910,W,2029,10,2029-10,2029-03-10,2029-03-04,2029-03-10
W202911,W,2029,11,2029-11,2029-03-17,2029-03-11,2029-03-17
W202912,W,2029,12,2029-12,2029-03-24,2029-03-18,2029-03-24
W202913,W,2029,13,2029-13,2029-03-31,2029-03-25,2029-03-31
W202914,W,2029,14,2029-14,2029-04-07,2029-04-01,2029-04-07
W202915,W,2029,15,2029-15,2029-04-14,2029-04-08,2029-04-14
W202916,W,2029,16,2029-16,2029-04-21,2029-04-15,2029-04-21
W202917,W,2029,17,2029-17,2029-04-28,2029-04-22,2029-04-28
W202918,W,2029,18,2029-18,2029-05-05,2029-04-29,2029-05-05
W202919,W,2029,19,2029-19,2029-05-12,2029-05-06,2029-05-12
W202920,W,2029,20,2029-20,2029-05-19,2029-05-13,2029-05-19
W202921,W,2029,21,2029-21,2029-05-26,2029-05-20,2029-05-26
W202922,W,2029,22,2029-22,2029-06-02,2029-05-27,2029-06-02
W202923,W,2029,23,2029-23,2029-06-09,2029-06-03,2029-06-09
W202924,W,2029,24,2029-24,2029-06-16,2029-06-10,2029-06-16
W202925,W,2029,25,2029-25,2029-06-23,2029-06-17,2029-06-23
W202926,W,2029,26,2029-26,2029-06-30,2029-06-24,2029-06-30
W202927,W,2029,27,2029-27,2029-07-07,2029-07-01,2029-07-07
W202928,W,2029,28,2029-28,2029-07-14,2029-07-08,2029-07-14
W202929,W,2029,29,2029-29,2029-07-21,2029-07-15,2029-07-21
W202930,W,2029,30,2029-30,2029-07-28,2029-07-22,2029-07-28
W202931,W,2029,31,2029-31,2029-08-04,2029-07-29,2029-08-04
W202932,W,2029,32,2029-32,2029-08-11,2029-08-05,2029-08-11
W202933,W,2029,33,2029-33,2029-08-18,2029-08-12,2029-08-18
W202934,W,2029,34,2029-34,2029-08-25,2029-08-19,2029-08-25
W202935,W,2029,35,2029-35,2029-09-01,2029-08-26,2029-09-01
W202936,W,2029,36,2029-36,2029-09-08,2029-09-02,2029-09-08
W202937,W,2029,37,2029-37,2029-09-15,2029-09-09,2029-09-15
W202938,W,2029,38,2029-38,2029-09-22,2029-09-16,2029-09-22
W202939,W,2029,39,2029-39,2029-09-29,2029-09-23,2029-09-29
W202940,W,2029,40,2029-40,2029-10-06,2029-09-30,2029-10-06
W202941,W,2029,41,2029-41,2029-10-13,2029-10-07,2029-10-13
W202942,W,2029,42,2029-42,2029-10-20,2029-10-14,2029-10-20
W202943,W,2029,43,2029-43,2029-10-27,2029-10-21,2029-10-27
W202944,W,2029,44,2029-44,2029-11-03,2029-10-28,2029-11-03
W202945,W,2029,45,2029-45,2029-11-10,2029-11-04,2029-11-10
W202946,W,2029,46,2029-46,2029-11-17,2029-11-11,2029-11-17
W202947,W,2029,47,2029-47,2029-11-24,2029-11-18,2029-11-24
W202948,W,2029,48,2029-48,2029-12-01,2029-11-25,2029-12-01
W202949,W,2029,49,2029-49,2029-12-08,2029-12-02,2029-12-08
W202950,W,2029,50,2029-50,2029-12-15,2029-12-09,2029-12-15
W202951,W,2029,51,2029-51,2029-12-22,2029-12-16,2029-12-22
W202952,W,2029,52,2029-52,2029-12-29,2029-12-23,2029-12-29
W203001,W,2030,1,2030-01,2030-01-05,2029-12-30,2030-01-05
W203002,W,2030,2,2030-02,2030-01-12,2030-01-06,2030-01-12
W203003,W,2030,3,2030-03,2030-01-19,2030-01-13,2030-01-19
W203004,W,2030,4,2030-04,2030-01-26,2030-01-20,2030-01-26
W203005,W,2030,5,2030-05,2030-02-02,2030-01-27,2030-02-02
W203006,W,2030,6,2030-06,2030-02-09,2030-02-03,2030-02-09
W203007,W,2030,7,2030-07,2030-02-16,2030-02-10,2030-02-16
W203008,W,2030,8,2030-08,2030-02-23,2030-02-17,2030-02-23
W203009,W,2030,9,2030-09,2030-03-02,2030-02-24,2030-03-02
W203010,W,2030,10,2030-10,2030-03-09,2030-03-03,2030-03-09
W203011,W,2030,11,2030-11,2030-03-16,2030-03-10,2030-03-16
W203012,W,2030,12,2030-12,2030-03-23,2030-03-17,2030-03-23
W203013,W,2030,13,2030-13,2030-03-30,2030-03-24,2030-03-30
W203014,W,2030,14,2030-14,2030-04-06,2030-03-31,2030-04-06
W203015,W,2030,15,2030-15,2030-04-13,2030-04-07,2030-04-13
W203016,W,2030,16,2030-16,2030-04-20,2030-04-14,2030-04-20
W203017,W,2030,17,2030-17,2030-04-27,2030-04-21,2030-04-27
W203018,W,2030,18,2030-18,2030-05-04,2030-04-28,2030-05-04
W203019,W,2030,19,2030-19,2030-05-11,2030-05-05,2030-05-11
W203020,W,2030,20,2030-20,2030-05-18,2030-05-12,2030-05-18
W203021,W,2030,21,2030-21,2030-05-25,2030-05-19,2030-05-25
W203022,W,2030,22,2030-22,2030-06-01,2030-05-26,2030-06-01
W203023,W,2030,23,2030-23,2030-06-08,2030-06-02,2030-06-08
W203024,W,2030,24,2030-24,2030-06-15,2030-06-09,2030-06-15
W203025,W,2030,25,2030-25,2030-06-22,2030-06-16,2030-06-22
W203026,W,2030,26,2030-26,2030-06-29,2030-06-23,2030-06-29
W203027,W,2030,27,2030-27,2030-07-06,2030-06-30,2030-07-06
W203028,W,2030,28,2030-28,2030-07-13,2030-07-07,2030-07-13
W203029,W,2030,29,2030-29,2030-07-20,2030-07-14,2030-07-20
W203030,W,2030,30,2030-30,2030-07-27,2030-07-21,2030-07-27
W203031,W,2030,31,2030-31,2030-08-03,2030-07-28,2030-08-03
W203032,W,2030,32,2030-32,2030-08-10,2030-08-04,2030-08-10
W203033,W,2030,33,2030-33,2030-08-17,2030-08-11,2030-08-17
W203034,W,2030,34,2030-34,2030-08-24,2030-08-18,2030-08-24
W203035,W,2030,35,2030-35,2030-08-31,2030-08-25,2030-08-31
W203036,W,2030,36,2030-36,2030-09-07,2030-09-01,2030-09-07
W203037,W,2030,37,2030-37,2030-09-14,2030-09-08,2030-09-14
W203038,W,2030,38,2030-38,2030-09-21,2030-09-15,2030-09-21
W203039,W,2030,39,2030-39,2030-09-28,2030-09-22,2030-09-28
W203040,W,2030,40,2030-40,2030-10-05,2030-09-29,2030-10-05
W203041,W,2030,41,2030-41,2030-10-12,2030-10-06,2030-10-12
W203042,W,2030,42,2030-42,2030-10-19,2030-10-13,2030-10-19
W203043,W,2030,43,2030-43,2030-10-26,2030-10-20,2030-10-26
W203044,W,2030,44,2030-44,2030-11-02,2030-10-27,2030-11-02
W203045,W,2030,45,2030-45,2030-11-09,2030-11-03,2030-11-09
W203046,W,2030,46,2030-46,2030-11-16,2030-11-10,2030-11-16
W203047,W,2030,47,2030-47,2030-11-23,2030-11-17,2030-11-23
W203048,W,2030,48,2030-48,2030-11-30,2030-11-24,2030-11-30
W203049,W,2030,49,2030-49,2030-12-07,2030-12-01,2030-12-07
W203050,W,2030,50,2030-50,2030-12-14,2030-12-08,2030-12-14
W203051,W,2030,51,2030-51,2030-12-21,2030-12-15,2030-12-21
W203052,W,2030,52,2030-52,2030-12-28,2030-12-22,2030-12-28
W203101,W,2031,1,2031-01,2031-01-04,2030-12-29,2031-01-04
W203102,W,2031,2,2031-02,2031-01-11,2031-01-05,2031-01-11
W203103,W,2031,3,2031-03,2031-01-18,2031-01-12,2031-01-18
W203104,W,2031,4,2031-04,2031-01-25,2031-01-19,2031-01-25
W203105,W,2031,5,2031-05,2031-02-01,2031-01-26,2031-02-01
W203106,W,2031,6,2031-06,2031-02-08,2031-02-02,2031-02-08
W203107,W,2031,7,2031-07,2031-02-15,2031-02-09,2031-02-15
W203108,W,2031,8,2031-08,2031-02-22,2031-02-16,2031-02-22
W203109,W,2031,9,2031-09,2031-03-01,2031-02-23,2031-03-01
W203110,W,2031,10,2031-10,2031-03-08,2031-03-02,2031-03-08
W203111,W,2031,11,2031-11,2031-03-15,2031-03-09,2031-03-15
W203112,W,2031,12,2031-12,2031-03-22,2031-03-16,2031-03-22
W203113,W,2031,13,2031-13,2031-03-29,2031-03-23,2031-03-29
W203114,W,2031,14,2031-14,2031-04-05,2031-03-30,2031-04-05
W203115,W,2031,15,2031-15,2031-04-12,2031-04-06,2031-04-12
W203116,W,2031,16,2031-16,2031-04-19,2031-04-13,2031-04-19
W203117,W,2031,17,2031-17,2031-04-26,2031-04-20,2031-04-26
W203118,W,2031,18,2031-18,2031-05-03,2031-04-27,2031-05-03
W203119,W,2031,19,2031-19,2031-05-10,2031-05-04,2031-05-10
W203120,W,2031,20,2031-20,2031-05-17,2031-05-11,2031-05-17
W203121,W,2031,21,2031-21,2031-05-24,2031-05-18,2031-05-24
W203122,W,2031,22,2031-22,2031-05-31,2031-05-25,2031-05-31
W203123,W,2031,23,2031-23,2031-06-07,2031-06-01,2031-06-07
W203124,W,2031,24,2031-24,2031-06-14,2031-06-08,2031-06-14
W203125,W,2031,25,2031-25,2031-06-21,2031-06-15,2031-06-21
W203126,W,2031,26,2031-26,2031-06-28,2031-06-22,2031-06-28
W203127,W,2031,27,2031-27,2031-07-05,2031-06-29,2031-07-05
W203128,W,2031,28,2031-28,2031-07-12,2031-07-06,2031-07-12
W203129,W,2031,29,2031-29,2031-07-19,2031-07-13,2031-07-19
W203130,W,2031,30,2031-30,2031-07-26,2031-07-20,2031-07-26
W203131,W,2031,31,2031-31,2031-08-02,2031-07-27,2031-08-02
W203132,W,2031,32,2031-32,2031-08-09,2031-08-03,2031-08-09
W203133,W,2031,33,2031-33,2031-08-16,2031-08-10,2031-08-16
W203134,W,2031,34,2031-34,2031-08-23,2031-08-17,2031-08-23
W203135,W,2031,35,2031-35,2031-08-30,2031-08-24,2031-08-30
W203136,W,2031,36,2031-36,2031-09-06,2031-08-31,2031-09-06
W203137,W,2031,37,2031-37,2031-09-13,2031-09-07,2031-09-13
W203138,W,2031,38,2031-38,2031-09-20,2031-09-14,2031-09-20
W203139,W,2031,39,2031-39,2031-09-27,2031-09-21,2031-09-27
W203140,W,2031,40,2031-40,2031-10-04,2031-09-28,2031-10-04
W203141,W,2031,41,2031-41,2031-10-11,2031-10-05,2031-10-11
W203142,W,2031,42,2031-42,2031-10-18,2031-10-12,2031-10-18
W203143,W,2031,43,2031-43,2031-10-25,2031-10-19,2031-10-25
W203144,W,2031,44,2031-44,2031-11-01,2031-10-26,2031-11-01
W203145,W,2031,45,2031-45,2031-11-08,2031-11-02,2031-11-08
W203146,W,2031,46,2031-46,2031-11-15,2031-11-09,2031-11-15
W203147,W,2031,47,2031-47,2031-11-22,2031-11-16,2031-11-22
W203148,W,2031,48,2031-48,2031-11-29,2031-11-23,2031-11-29
W203149,W,2031,49,2031-49,2031-12-06,2031-11-30,2031-12-06
W203150,W,2031,50,2031-50,2031-12-13,2031-12-07,2031-12-13
W203151,W,2031,51,2031-51,2031-12-20,2031-12-14,2031-12-20
W203152,W,2031,52,2031-52,2031-12-27,2031-12-21,2031-12-27
W203201,W,2032,1,2032-01,2032-01-03,2031-12-28,2032-01-03
W203202,W,2032,2,2032-02,2032-01-10,2032-01-04,2032-01-10
W203203,W,2032,3,2032-03,2032-01-17,2032-01-11,2032-01-17
W203204,W,2032,4,2032-04,2032-01-24,2032-01-18,2032-01-24
W203205,W,2032,5,2032-05,2032-01-31,2032-01-25,2032-01-31
W203206,W,2032,6,2032-06,2032-02-07,2032-02-01,2032-02-07
W203207,W,2032,7,2032-07,2032-02-14,2032-02-08,2032-02-14
W203208,W,2032,8,2032-08,2032-02-21,2032-02-15,2032-02-21
W203209,W,2032,9,2032-09,2032-02-28,2032-02-22,2032-02-28
W203210,W,2032,10,2032-10,2032-03-06,2032-02-29,2032-03-06
W203211,W,2032,11,2032-11,2032-03-13,2032-03-07,2032-03-13
W203212,W,2032,12,2032-12,2032-03-20,2032-03-14,2032-03-20
W203213,W,2032,13,2032-13,2032-03-27,2032-03-21,2032-03-27
W203214,W,2032,14,2032-14,2032-04-03,2032-03-28,2032-04-03
W203215,W,2032,15,2032-15,2032-04-10,2032-04-04,2032-04-10
W203216,W,2032,16,2032-16,2032-04-17,2032-04-11,2032-04-17
W203217,W,2032,17,2032-17,2032-04-24,2032-04-18,2032-04-24
W203218,W,2032,18,2032-18,2032-05-01,2032-04-25,2032-05-01
W203219,W,2032,19,2032-19,2032-05-08,2032-05-02,2032-05-08
W203220,W,2032,20,2032-20,2032-05-15,2032-05-09,2032-05-15
W203221,W,2032,21,2032-21,2032-05-22,2032-05-16,2032-05-22
W203222,W,2032,22,2032-22,2032-05-29,2032-05-23,2032-05-29
W203223,W,2032,23,2032-23,2032-06-05,2032-05-30,2032-06-05
W203224,W,2032,24,2032-24,2032-06-12,2032-06-06,2032-06-12
W203225,W,2032,25,2032-25,2032-06-19,2032-06-13,2032-06-19
W203226,W,2032,26,2032-26,2032-06-26,2032-06-20,2032-06-26
W203227,W,2032,27,2032-27,2032-07-03,2032-06-27,2032-07-03
W203228,W,2032,28,2032-28,2032-07-10,2032-07-04,2032-07-10
W203229,W,2032,29,2032-29,2032-07-17,2032-07-11,2032-07-17
W203230,W,2032,30,2032-30,2032-07-24,2032-07-18,2032-07-24
W203231,W,2032,31,2032-31,2032-07-31,2032-07-25,2032-07-31
W203232,W,2032,32,2032-32,2032-08-07,2032-08-01,2032-08-07
W203233,W,2032,33,2032-33,2032-08-14,2032-08-08,2032-08-14
W203234,W,2032,34,2032-34,2032-08-21,2032-08-15,2032-08-21
W203235,W,2032,35,2032-35,2032-08-28,2032-08-22,2032-08-28
W203236,W,2032,36,2032-36,2032-09-04,2032-08-29,2032-09-04
W203237,W,2032,37,2032-37,2032-09-11,2032-09-05,2032-09-11
W203238,W,2032,38,2032-38,2032-09-18,2032-09-12,2032-09-18
W203239,W,2032,39,2032-39,2032-09-25,2032-09-19,2032-09-25
W203240,W,2032,40,2032-40,2032-10-02,2032-09-26,2032-10-02
W203241,W,2032,41,2032-41,2032-10-09,2032-10-03,2032-10-09
W203242,W,2032,42,2032-42,2032-10-16,2032-10-10,2032-10-16
W203243,W,2032,43,2032-43,2032-10-23,2032-10-17,2032-10-23
W203244,W,2032,44,2032-44,2032-10-30,2032-10-24,2032-10-30
W203245,W,2032,45,2032-45,2032-11-06,2032-10-31,2032-11-06
W203246,W,2032,46,2032-46,2032-11-13,2032-11-07,2032-11-13
W203247,W,2032,47,2032-47,2032-11-20,2032-11-14,2032-11-20
W203248,W,2032,48,2032-48,2032-11-27,2032-11-21,2032-11-27
W203249,W,2032,49,2032-49,2032-12-04,2032-11-28,2032-12-04
W203250,W,2032,50,2032-50,2032-12-11,2032-12-05,2032-12-11
W203251,W,2032,51,2032-51,2032-12-18,2032-12-12,2032-12-18
W203252,W,2032,52,2032-52,2032-12-25,2032-12-19,2032-12-25
W203301,W,2033,1,2033-01,2033-01-01,2032-12-26,2033-01-01
W203302,W,2033,2,2033-02,2033-01-08,2033-01-02,2033-01-08
W203303,W,2033,3,2033-03,2033-01-15,2033-01-09,2033-01-15
W203304,W,2033,4,2033-04,2033-01-22,2033-01-16,2033-01-22
W203305,W,2033,5,2033-05,2033-01-29,2033-01-23,2033-01-29
W203306,W,2033,6,2033-06,2033-02-05,2033-01-30,2033-02-05
W203307,W,2033,7,2033-07,2033-02-12,2033-02-06,2033-02-12
W203308,W,2033,8,2033-08,2033-02-19,2033-02-13,2033-02-19
W203309,W,2033,9,2033-09,2033-02-26,2033-02-20,2033-02-26
W203310,W,2033,10,2033-10,2033-03-05,2033-02-27,2033-03-05
W203311,W,2033,11,2033-11,2033-03-12,2033-03-06,2033-03-12
W203312,W,2033,12,2033-12,2033-03-19,2033-03-13,2033-03-19
W203313,W,2033,13,2033-13,2033-03-26,2033-03-20,2033-03-26
W203314,W,2033,14,2033-14,2033-04-02,2033-03-27,2033-04-02
W203315,W,2033,15,2033-15,2033-04-09,2033-04-03,2033-04-09
W203316,W,2033,16,2033-16,2033-04-16,2033-04-10,2033-04-16
W203317,W,2033,17,2033-17,2033-04-23,2033-04-17,2033-04-23
W203318,W,2033,18,2033-18,2033-04-30,2033-04-24,2033-04-30
W203319,W,2033,19,2033-19,2033-05-07,2033-05-01,2033-05-07
W203320,W,2033,20,2033-20,2033-05-14,2033-05-08,2033-05-14
W203321,W,2033,21,2033-21,2033-05-21,2033-05-15,2033-05-21
W203322,W,2033,22,2033-22,2033-05-28,2033-05-22,2033-05-28
W203323,W,2033,23,2033-23,2033-06-04,2033-05-29,2033-06-04
W203324,W,2033,24,2033-24,2033-06-11,2033-06-05,2033-06-11
W203325,W,2033,25,2033-25,2033-06-18,2033-06-12,2033-06-18
W203326,W,2033,26,2033-26,2033-06-25,2033-06-19,2033-06-25
W203327,W,2033,27,2033-27,2033-07-02,2033-06-26,2033-07-02
W203328,W,2033,28,2033-28,2033-07-09,2033-07-03,2033-07-09
W203329,W,2033,29,2033-29,2033-07-16,2033-07-10,2033-07-16
W203330,W,2033,30,2033-30,2033-07-23,2033-07-17,2033-07-23
W203331,W,2033,31,2033-31,2033-07-30,2033-07-24,2033-07-30
W203332,W,2033,32,2033-32,2033-08-06,2033-07-31,2033-08-06
W203333,W,2033,33,2033-33,2033-08-13,2033-08-07,2033-08-13
W203334,W,2033,34,2033-34,2033-08-20,2033-08-14,2033-08-20
W203335,W,2033,35,2033-35,2033-08-27,2033-08-21,2033-08-27
W203336,W,2033,36,2033-36,2033-09-03,2033-08-28,2033-09-03
W203337,W,2033,37,2033-37,2033-09-10,2033-09-04,2033-09-10
W203338,W,2033,38,2033-38,2033-09-17,2033-09-11,2033-09-17
W203339,W,2033,39,2033-39,2033-09-24,2033-09-18,2033-09-24
W203340,W,2033,40,2033-40,2033-10-01,2033-09-25,2033-10-01
W203341,W,2033,41,2033-41,2033-10-08,2033-10-02,2033-10-08
W203342,W,2033,42,2033-42,2033-10-15,2033-10-09,2033-10-15
W203343,W,2033,43,2033-43,2033-10-22,2033-10-16,2033-10-22
W203344,W,2033,44,2033-44,2033-10-29,2033-10-23,2033-10-29
W203345,W,2033,45,2033-45,2033-11-05,2033-10-30,2033-11-05
W203346,W,2033,46,2033-46,2033-11-12,2033-11-06,2033-11-12
W203347,W,2033,47,2033-47,2033-11-19,2033-11-13,2033-11-19
W203348,W,2033,48,2033-48,2033-11-26,2033-11-20,2033-11-26
W203349,W,2033,49,2033-49,2033-12-03,2033-11-27,2033-12-03
W203350,W,2033,50,2033-50,2033-12-10,2033-12-04,2033-12-10
W203351,W,2033,51,2033-51,2033-12-17,2033-12-11,2033-12-17
W203352,W,2033,52,2033-52,2033-12-24,2033-12-18,2033-12-24
W203353,W,2033,53,2033-53,2033-12-31,2033-12-25,2033-12-31
W203401,W,2034,1,2034-01,2034-01-07,2034-01-01,2034-01-07
W203402,W,2034,2,2034-02,2034-01-14,2034-01-08,2034-01-14
W203403,W,2034,3,2034-03,2034-01-21,2034-01-15,2034-01-21
W203404,W,2034,4,2034-04,2034-01-28,2034-01-22,2034-01-28
W203405,W,2034,5,2034-05,2034-02-04,2034-01-29,2034-02-04
W203406,W,2034,6,2034-06,2034-02-11,2034-02-05,2034-02-11
W203407,W,2034,7,2034-07,2034-02-18,2034-02-12,2034-02-18
W203408,W,2034,8,2034-08,2034-02-25,2034-02-19,2034-02-25
W203409,W,2034,9,2034-09,2034-03-04,2034-02-26,2034-03-04
W203410,W,2034,10,2034-10,2034-03-11,2034-03-05,2034-03-11
W203411,W,2034,11,2034-11,2034-03-18,2034-03-12,2034-03-18
W203412,W,2034,12,2034-12,2034-03-25,2034-03-19,2034-03-25
W203413,W,2034,13,2034-13,2034-04-01,2034-03-26,2034-04-01
W203414,W,2034,14,2034-14,2034-04-08,2034-04-02,2034-04-08
W203415,W,2034,15,2034-15,2034-04-15,2034-04-09,2034-04-15
W203416,W,2034,16,2034-16,2034-04-22,2034-04-16,2034-04-22
W203417,W,2034,17,2034-17,2034-04-29,2034-04-23,2034-04-29
W203418,W,2034,18,2034-18,2034-05-06,2034-04-30,2034-05-06
W203419,W,2034,19,2034-19,2034-05-13,2034-05-07,2034-05-13
W203420,W,2034,20,2034-20,2034-05-20,2034-05-14,2034-05-20
W203421,W,2034,21,2034-21,2034-05-27,2034-05-21,2034-05-27
W203422,W,2034,22,2034-22,2034-06-03,2034-05-28,2034-06-03
W203423,W,2034,23,2034-23,2034-06-10,2034-06-04,2034-06-10
W203424,W,2034,24,2034-24,2034-06-17,2034-06-11,2034-06-17
W203425,W,2034,25,2034-25,2034-06-24,2034-06-18,2034-06-24
W203426,W,2034,26,2034-26,2034-07-01,2034-06-25,2034-07-01
W203427,W,2034,27,2034-27,2034-07-08,2034-07-02,2034-07-08
W203428,W,2034,28,2034-28,2034-07-15,2034-07-09,2034-07-15
W203429,W,2034,29,2034-29,2034-07-22,2034-07-16,2034-07-22
W203430,W,2034,30,2034-30,2034-07-29,2034-07-23,2034-07-29
W203431,W,2034,31,2034-31,2034-08-05,2034-07-30,2034-08-05
W203432,W,2034,32,2034-32,2034-08-12,2034-08-06,2034-08-12
W203433,W,2034,33,2034-33,2034-08-19,2034-08-13,2034-08-19
W203434,W,2034,34,2034-34,2034-08-26,2034-08-20,2034-08-26
W203435,W,2034,35,2034-35,2034-09-02,2034-08-27,2034-09-02
W203436,W,2034,36,2034-36,2034-09-09,2034-09-03,2034-09-09
W203437,W,2034,37,2034-37,2034-09-16,2034-09-10,2034-09-16
W203438,W,2034,38,2034-38,2034-09-23,2034-09-17,2034-09-23
W203439,W,2034,39,2034-39,2034-09-30,2034-09-24,2034-09-30
W203440,W,2034,40,2034-40,2034-10-07,2034-10-01,2034-10-07
W203441,W,2034,41,2034-41,2034-10-14,2034-10-08,2034-10-14
W203442,W,2034,42,2034-42,2034-10-21,2034-10-15,2034-10-21
W203443,W,2034,43,2034-43,2034-10-28,2034-10-22,2034-10-28
W203444,W,2034,44,2034-44,2034-11-04,2034-10-29,2034-11-04
W203445,W,2034,45,2034-45,2034-11-11,2034-11-05,2034-11-11
W203446,W,2034,46,2034-46,2034-11-18,2034-11-12,2034-11-18
W203447,W,2034,47,2034-47,2034-11-25,2034-11-19,2034-11-25
W203448,W,2034,48,2034-48,2034-12-02,2034-11-26,2034-12-02
W203449,W,2034,49,2034-49,2034-12-09,2034-12-03,2034-12-09
W203450,W,2034,50,2034-50,2034-12-16,2034-12-10,2034-12-16
W203451,W,2034,51,2034-51,2034-12-23,2034-12-17,2034-12-23
W203452,W,2034,52,2034-52,2034-12-30,2034-12-24,2034-12-30
W203501,W,2035,1,2035-01,2035-01-06,2034-12-31,2035-01-06
W203502,W,2035,2,2035-02,2035-01-13,2035-01-07,2035-01-13
W203503,W,2035,3,2035-03,2035-01-20,2035-01-14,2035-01-20
W203504,W,2035,4,2035-04,2035-01-27,2035-01-21,2035-01-27
W203505,W,2035,5,2035-05,2035-02-03,2035-01-28,2035-02-03
W203506,W,2035,6,2035-06,2035-02-10,2035-02-04,2035-02-10
W203507,W,2035,7,2035-07,2035-02-17,2035-02-11,2035-02-17
W203508,W,2035,8,2035-08,2035-02-24,2035-02-18,2035-02-24
W203509,W,2035,9,2035-09,2035-03-03,2035-02-25,2035-03-03
W203510,W,2035,10,2035-10,2035-03-10,2035-03-04,2035-03-10
W203511,W,2035,11,2035-11,2035-03-17,2035-03-11,2035-03-17
W203512,W,2035,12,2035-12,2035-03-24,2035-03-18,2035-03-24
W203513,W,2035,13,2035-13,2035-03-31,2035-03-25,2035-03-31
W203514,W,2035,14,2035-14,2035-04-07,2035-04-01,2035-04-07
W203515,W,2035,15,2035-15,2035-04-14,2035-04-08,2035-04-14
W203516,W,2035,16,2035-16,2035-04-21,2035-04-15,2035-04-21
W203517,W,2035,17,2035-17,2035-04-28,2035-04-22,2035-04-28
W203518,W,2035,18,2035-18,2035-05-05,2035-04-29,2035-05-05
W203519,W,2035,19,2035-19,2035-05-12,2035-05-06,2035-05-12
W203520,W,2035,20,2035-20,2035-05-19,2035-05-13,2035-05-19
W203521,W,2035,21,2035-21,2035-05-26,2035-05-20,2035-05-26
W203522,W,2035,22,2035-22,2035-06-02,2035-05-27,2035-06-02
W203523,W,2035,23,2035-23,2035-06-09,2035-06-03,2035-06-09
W203524,W,2035,24,2035-24,2035-06-16,2035-06-10,2035-06-16
W203525,W,2035,25,2035-25,2035-06-23,2035-06-17,2035-06-23
W203526,W,2035,26,2035-26,2035-06-30,2035-06-24,2035-06-30
W203527,W,2035,27,2035-27,2035-07-07,2035-07-01,2035-07-07
W203528,W,2035,28,2035-28,2035-07-14,2035-07-08,2035-07-14
W203529,W,2035,29,2035-29,2035-07-21,2035-07-15,2035-07-21
W203530,W,2035,30,2035-30,2035-07-28,2035-07-22,2035-07-28
W203531,W,2035,31,2035-31,2035-08-04,2035-07-29,2035-08-04
W203532,W,2035,32,2035-32,2035-08-11,2035-08-05,2035-08-11
W203533,W,2035,33,2035-33,2035-08-18,2035-08-12,2035-08-18
W203534,W,2035,34,2035-34,2035-08-25,2035-08-19,2035-08-25
W203535,W,2035,35,2035-35,2035-09-01,2035-08-26,2035-09-01
W203536,W,2035,36,2035-36,2035-09-08,2035-09-02,2035-09-08
W203537,W,2035,37,2035-37,2035-09-15,2035-09-09,2035-09-15
W203538,W,2035,38,2035-38,2035-09-22,2035-09-16,2035-09-22
W203539,W,2035,39,2035-39,2035-09-29,2035-09-23,2035-09-29
W203540,W,2035,40,2035-40,2035-10-06,2035-09-30,2035-10-06
W203541,W,2035,41,2035-41,2035-10-13,2035-10-07,2035-10-13
W203542,W,2035,42,2035-42,2035-10-20,2035-10-14,2035-10-20
W203543,W,2035,43,2035-43,2035-10-27,2035-10-21,2035-10-27
W203544,W,2035,44,2035-44,2035-11-03,2035-10-28,2035-11-03
W203545,W,2035,45,2035-45,2035-11-10,2035-11-04,2035-11-10
W203546,W,2035,46,2035-46,2035-11-17,2035-11-11,2035-11-17
W203547,W,2035,47,2035-47,2035-11-24,2035-11-18,2035-11-24
W203548,W,2035,48,2035-48,2035-12-01,2035-11-25,2035-12-01
W203549,W,2035,49,2035-49,2035-12-08,2035-12-02,2035-12-08
W203550,W,2035,50,2035-50,2035-12-15,2035-12-09,2035-12-15
W203551,W,2035,51,2035-51,2035-12-22,2035-12-16,2035-12-22
W203552,W,2035,52,2035-52,2035-12-29,2035-12-23,2035-12-29
M201512,M,2015,11,Dec 2015,December 2015,2015-12-01,2015-12-31
M201601,M,2016,0,Jan 2016,January 2016,2016-01-01,2016-01-31
M201602,M,2016,1,Feb 2016,February 2016,2016-02-01,2016-02-29
M201603,M,2016,2,Mar 2016,March 2016,2016-03-01,2016-03-31
M201604,M,2016,3,Apr 2016,April 2016,2016-04-01,2016-04-30
M201605,M,2016,4,May 2016,May 2016,2016-05-01,2016-05-31
M201606,M,2016,5,Jun 2016,June 2016,2016-06-01,2016-06-30
M201607,M,2016,6,Jul 2016,July 2016,2016-07-01,2016-07-31
M201608,M,2016,7,Aug 2016,August 2016,2016-08-01,2016-08-31
M201609,M,2016,8,Sep 2016,September 2016,2016-09-01,2016-09-30
M201610,M,2016,9,Oct 2016,October 2016,2016-10-01,2016-10-31
M201611,M,2016,10,Nov 2016,November 2016,2016-11-01,2016-11-30
M201612,M,2016,11,Dec 2016,December 2016,2016-12-01,2016-12-31
M201701,M,2017,0,Jan 2017,January 2017,2017-01-01,2017-01-31
M201702,M,2017,1,Feb 2017,February 2017,2017-02-01,2017-02-28
M201703,M,2017,2,Mar 2017,March 2017,2017-03-01,2017-03-31
M201704,M,2017,3,Apr 2017,April 2017,2017-04-01,2017-04-30
M201705,M,2017,4,May 2017,May 2017,2017-05-01,2017-05-31
M201706,M,2017,5,Jun 2017,June 2017,2017-06-01,2017-06-30
M201707,M,2017,6,Jul 2017,July 2017,2017-07-01,2017-07-31
M201708,M,2017,7,Aug 2017,August 2017,2017-08-01,2017-08-31
M201709,M,2017,8,Sep 2017,September 2017,2017-09-01,2017-09-30
M201710,M,2017,9,Oct 2017,October 2017,2017-10-01,2017-10-31
M201711,M,2017,10,Nov 2017,November 2017,2017-11-01,2017-11-30
M201712,M,2017,11,Dec 2017,December 2017,2017-12-01,2017-12-31
M201801,M,2018,0,Jan 2018,January 2018,2018-01-01,2018-01-31
M201802,M,2018,1,Feb 2018,February 2018,2018-02-01,2018-02-28
M201803,M,2018,2,Mar 2018,March 2018,2018-03-01,2018-03-31
M201804,M,2018,3,Apr 2018,April 2018,2018-04-01,2018-04-30
M201805,M,2018,4,May 2018,May 2018,2018-05-01,2018-05-31
M201806,M,2018,5,Jun 2018,June 2018,2018-06-01,2018-06-30
M201807,M,2018,6,Jul 2018,July 2018,2018-07-01,2018-07-31
M201808,M,2018,7,Aug 2018,August 2018,2018-08-01,2018-08-31
M201809,M,2018,8,Sep 2018,September 2018,2018-09-01,2018-09-30
M201810,M,2018,9,Oct 2018,October 2018,2018-10-01,2018-10-31
M201811,M,2018,10,Nov 2018,November 2018,2018-11-01,2018-11-30
M201812,M,2018,11,Dec 2018,December 2018,2018-12-01,2018-12-31
M201901,M,2019,0,Jan 2019,January 2019,2019-01-01,2019-01-31
M201902,M,2019,1,Feb 2019,February 2019,2019-02-01,2019-02-28
M201903,M,2019,2,Mar 2019,March 2019,2019-03-01,2019-03-31
M201904,M,2019,3,Apr 2019,April 2019,2019-04-01,2019-04-30
M201905,M,2019,4,May 2019,May 2019,2019-05-01,2019-05-31
M201906,M,2019,5,Jun 2019,June 2019,2019-06-01,2019-06-30
M201907,M,2019,6,Jul 2019,July 2019,2019-07-01,2019-07-31
M201908,M,2019,7,Aug 2019,August 2019,2019-08-01,2019-08-31
M201909,M,2019,8,Sep 2019,September 2019,2019-09-01,2019-09-30
M201910,M,2019,9,Oct 2019,October 2019,2019-10-01,2019-10-31
M201911,M,2019,10,Nov 2019,November 2019,2019-11-01,2019-11-30
M201912,M,2019,11,Dec 2019,December 2019,2019-12-01,2019-12-31
M202001,M,2020,0,Jan 2020,January 2020,2020-01-01,2020-01-31
M202002,M,2020,1,Feb 2020,February 2020,2020-02-01,2020-02-29
M202003,M,2020,2,Mar 2020,March 2020,2020-03-01,2020-03-31
M202004,M,2020,3,Apr 2020,April 2020,2020-04-01,2020-04-30
M202005,M,2020,4,May 2020,May 2020,2020-05-01,2020-05-31
M202006,M,2020,5,Jun 2020,June 2020,2020-06-01,2020-06-30
M202007,M,2020,6,Jul 2020,July 2020,2020-07-01,2020-07-31
M202008,M,2020,7,Aug 2020,August 2020,2020-08-01,2020-08-31
M202009,M,2020,8,Sep 2020,September 2020,2020-09-01,2020-09-30
M202010,M,2020,9,Oct 2020,October 2020,2020-10-01,2020-10-31
M202011,M,2020,10,Nov 2020,November 2020,2020-11-01,2020-11-30
M202012,M,2020,11,Dec 2020,December 2020,2020-12-01,2020-12-31
M202101,M,2021,0,Jan 2021,January 2021,2021-01-01,2021-01-31
M202102,M,2021,1,Feb 2021,February 2021,2021-02-01,2021-02-28
M202103,M,2021,2,Mar 2021,March 2021,2021-03-01,2021-03-31
M202104,M,2021,3,Apr 2021,April 2021,2021-04-01,2021-04-30
M202105,M,2021,4,May 2021,May 2021,2021-05-01,2021-05-31
M202106,M,2021,5,Jun 2021,June 2021,2021-06-01,2021-06-30
M202107,M,2021,6,Jul 2021,July 2021,2021-07-01,2021-07-31
M202108,M,2021,7,Aug 2021,August 2021,2021-08-01,2021-08-31
M202109,M,2021,8,Sep 2021,September 2021,2021-09-01,2021-09-30
M202110,M,2021,9,Oct 2021,October 2021,2021-10-01,2021-10-31
M202111,M,2021,10,Nov 2021,November 2021,2021-11-01,2021-11-30
M202112,M,2021,11,Dec 2021,December 2021,2021-12-01,2021-12-31
M202201,M,2022,0,Jan 2022,January 2022,2022-01-01,2022-01-31
M202202,M,2022,1,Feb 2022,February 2022,2022-02-01,2022-02-28
M202203,M,2022,2,Mar 2022,March 2022,2022-03-01,2022-03-31
M202204,M,2022,3,Apr 2022,April 2022,2022-04-01,2022-04-30
M202205,M,2022,4,May 2022,May 2022,2022-05-01,2022-05-31
M202206,M,2022,5,Jun 2022,June 2022,2022-06-01,2022-06-30
M202207,M,2022,6,Jul 2022,July 2022,2022-07-01,2022-07-31
M202208,M,2022,7,Aug 2022,August 2022,2022-08-01,2022-08-31
M202209,M,2022,8,Sep 2022,September 2022,2022-09-01,2022-09-30
M202210,M,2022,9,Oct 2022,October 2022,2022-10-01,2022-10-31
M202211,M,2022,10,Nov 2022,November 2022,2022-11-01,2022-11-30
M202212,M,2022,11,Dec 2022,December 2022,2022-12-01,2022-12-31
M202301,M,2023,0,Jan 2023,January 2023,2023-01-01,2023-01-31
M202302,M,2023,1,Feb 2023,February 2023,2023-02-01,2023-02-28
M202303,M,2023,2,Mar 2023,March 2023,2023-03-01,2023-03-31
M202304,M,2023,3,Apr 2023,April 2023,2023-04-01,2023-04-30
M202305,M,2023,4,May 2023,May 2023,2023-05-01,2023-05-31
M202306,M,2023,5,Jun 2023,June 2023,2023-06-01,2023-06-30
M202307,M,2023,6,Jul 2023,July 2023,2023-07-01,2023-07-31
M202308,M,2023,7,Aug 2023,August 2023,2023-08-01,2023-08-31
M202309,M,2023,8,Sep 2023,September 2023,2023-09-01,2023-09-30
M202310,M,2023,9,Oct 2023,October 2023,2023-10-01,2023-10-31
M202311,M,2023,10,Nov 2023,November 2023,2023-11-01,2023-11-30
M202312,M,2023,11,Dec 2023,December 2023,2023-12-01,2023-12-31
M202401,M,2024,0,Jan 2024,January 2024,2024-01-01,2024-01-31
M202402,M,2024,1,Feb 2024,February 2024,2024-02-01,2024-02-29
M202403,M,2024,2,Mar 2024,March 2024,2024-03-01,2024-03-31
M202404,M,2024,3,Apr 2024,April 2024,2024-04-01,2024-04-30
M202405,M,2024,4,May 2024,May 2024,2024-05-01,2024-05-31
M202406,M,2024,5,Jun 2024,June 2024,2024-06-01,2024-06-30
M202407,M,2024,6,Jul 2024,July 2024,2024-07-01,2024-07-31
M202408,M,2024,7,Aug 2024,August 2024,2024-08-01,2024-08-31
M202409,M,2024,8,Sep 2024,September 2024,2024-09-01,2024-09-30
M202410,M,2024,9,Oct 2024,October 2024,2024-10-01,2024-10-31
M202411,M,2024,10,Nov 2024,November 2024,2024-11-01,2024-11-30
M202412,M,2024,11,Dec 2024,December 2024,2024-12-01,2024-12-31
M202501,M,2025,0,Jan 2025,January 2025,2025-01-01,2025-01-31
M202502,M,2025,1,Feb 2025,February 2025,2025-02-01,2025-02-28
M202503,M,2025,2,Mar 2025,March 2025,2025-03-01,2025-03-31
M202504,M,2025,3,Apr 2025,April 2025,2025-04-01,2025-04-30
M202505,M,2025,4,May 2025,May 2025,2025-05-01,2025-05-31
M202506,M,2025,5,Jun 2025,June 2025,2025-06-01,2025-06-30
M202507,M,2025,6,Jul 2025,July 2025,2025-07-01,2025-07-31
M202508,M,2025,7,Aug 2025,August 2025,2025-08-01,2025-08-31
M202509,M,2025,8,Sep 2025,September 2025,2025-09-01,2025-09-30
M202510,M,2025,9,Oct 2025,October 2025,2025-10-01,2025-10-31
M202511,M,2025,10,Nov 2025,November 2025,2025-11-01,2025-11-30
M202512,M,2025,11,Dec 2025,December 2025,2025-12-01,2025-12-31
M202601,M,2026,0,Jan 2026,January 2026,2026-01-01,2026-01-31
M202602,M,2026,1,Feb 2026,February 2026,2026-02-01,2026-02-28
M202603,M,2026,2,Mar 2026,March 2026,2026-03-01,2026-03-31
M202604,M,2026,3,Apr 2026,April 2026,2026-04-01,2026-04-30
M202605,M,2026,4,May 2026,May 2026,2026-05-01,2026-05-31
M202606,M,2026,5,Jun 2026,June 2026,2026-06-01,2026-06-30
M202607,M,2026,6,Jul 2026,July 2026,2026-07-01,2026-07-31
M202608,M,2026,7,Aug 2026,August 2026,2026-08-01,2026-08-31
M202609,M,2026,8,Sep 2026,September 2026,2026-09-01,2026-09-30
M202610,M,2026,9,Oct 2026,October 2026,2026-10-01,2026-10-31
M202611,M,2026,10,Nov 2026,November 2026,2026-11-01,2026-11-30
M202612,M,2026,11,Dec 2026,December 2026,2026-12-01,2026-12-31
M202701,M,2027,0,Jan 2027,January 2027,2027-01-01,2027-01-31
M202702,M,2027,1,Feb 2027,February 2027,2027-02-01,2027-02-28
M202703,M,2027,2,Mar 2027,March 2027,2027-03-01,2027-03-31
M202704,M,2027,3,Apr 2027,April 2027,2027-04-01,2027-04-30
M202705,M,2027,4,May 2027,May 2027,2027-05-01,2027-05-31
M202706,M,2027,5,Jun 2027,June 2027,2027-06-01,2027-06-30
M202707,M,2027,6,Jul 2027,July 2027,2027-07-01,2027-07-31
M202708,M,2027,7,Aug 2027,August 2027,2027-08-01,2027-08-31
M202709,M,2027,8,Sep 2027,September 2027,2027-09-01,2027-09-30
M202710,M,2027,9,Oct 2027,October 2027,2027-10-01,2027-10-31
M202711,M,2027,10,Nov 2027,November 2027,2027-11-01,2027-11-30
M202712,M,2027,11,Dec 2027,December 2027,2027-12-01,2027-12-31
M202801,M,2028,0,Jan 2028,January 2028,2028-01-01,2028-01-31
M202802,M,2028,1,Feb 2028,February 2028,2028-02-01,2028-02-29
M202803,M,2028,2,Mar 2028,March 2028,2028-03-01,2028-03-31
M202804,M,2028,3,Apr 2028,April 2028,2028-04-01,2028-04-30
M202805,M,2028,4,May 2028,May 2028,2028-05-01,2028-05-31
M202806,M,2028,5,Jun 2028,June 2028,2028-06-01,2028-06-30
M202807,M,2028,6,Jul 2028,July 2028,2028-07-01,2028-07-31
M202808,M,2028,7,Aug 2028,August 2028,2028-08-01,2028-08-31
M202809,M,2028,8,Sep 2028,September 2028,2028-09-01,2028-09-30
M202810,M,2028,9,Oct 2028,October 2028,2028-10-01,2028-10-31
M202811,M,2028,10,Nov 2028,November 2028,2028-11-01,2028-11-30
M202812,M,2028,11,Dec 2028,December 2028,2028-12-01,2028-12-31
M202901,M,2029,0,Jan 2029,January 2029,2029-01-01,2029-01-31
M202902,M,2029,1,Feb 2029,February 2029,2029-02-01,2029-02-28
M202903,M,2029,2,Mar 2029,March 2029,2029-03-01,2029-03-31
M202904,M,2029,3,Apr 2029,April 2029,2029-04-01,2029-04-30
M202905,M,2029,4,May 2029,May 2029,2029-05-01,2029-05-31
M202906,M,2029,5,Jun 2029,June 2029,2029-06-01,2029-06-30
M202907,M,2029,6,Jul 2029,July 2029,2029-07-01,2029-07-31
M202908,M,2029,7,Aug 2029,August 2029,2029-08-01,2029-08-31
M202909,M,2029,8,Sep 2029,September 2029,2029-09-01,2029-09-30
M202910,M,2029,9,Oct 2029,October 2029,2029-10-01,2029-10-31
M202911,M,2029,10,Nov 2029,November 2029,2029-11-01,2029-11-30
M202912,M,2029,11,Dec 2029,December 2029,2029-12-01,2029-12-31
M203001,M,2030,0,Jan 2030,January 2030,2030-01-01,2030-01-31
M203002,M,2030,1,Feb 2030,February 2030,2030-02-01,2030-02-28
M203003,M,2030,2,Mar 2030,March 2030,2030-03-01,2030-03-31
M203004,M,2030,3,Apr 2030,April 2030,2030-04-01,2030-04-30
M203005,M,2030,4,May 2030,May 2030,2030-05-01,2030-05-31
M203006,M,2030,5,Jun 2030,June 2030,2030-06-01,2030-06-30
M203007,M,2030,6,Jul 2030,July 2030,2030-07-01,2030-07-31
M203008,M,2030,7,Aug 2030,August 2030,2030-08-01,2030-08-31
M203009,M,2030,8,Sep 2030,September 2030,2030-09-01,2030-09-30
M203010,M,2030,9,Oct 2030,October 2030,2030-10-01,2030-10-31
M203011,M,2030,10,Nov 2030,November 2030,2030-11-01,2030-11-30
M203012,M,2030,11,Dec 2030,December 2030,2030-12-01,2030-12-31
M203101,M,2031,0,Jan 2031,January 2031,2031-01-01,2031-01-31
M203102,M,2031,1,Feb 2031,February 2031,2031-02-01,2031-02-28
M203103,M,2031,2,Mar 2031,March 2031,2031-03-01,2031-03-31
M203104,M,2031,3,Apr 2031,April 2031,2031-04-01,2031-04-30
M203105,M,2031,4,May 2031,May 2031,2031-05-01,2031-05-31
M203106,M,2031,5,Jun 2031,June 2031,2031-06-01,2031-06-30
M203107,M,2031,6,Jul 2031,July 2031,2031-07-01,2031-07-31
M203108,M,2031,7,Aug 2031,August 2031,2031-08-01,2031-08-31
M203109,M,2031,8,Sep 2031,September 2031,2031-09-01,2031-09-30
M203110,M,2031,9,Oct 2031,October 2031,2031-10-01,2031-10-31
M203111,M,2031,10,Nov 2031,November 2031,2031-11-01,2031-11-30
M203112,M,2031,11,Dec 2031,December 2031,2031-12-01,2031-12-31
M203201,M,2032,0,Jan 2032,January 2032,2032-01-01,2032-01-31
M203202,M,2032,1,Feb 2032,February 2032,2032-02-01,2032-02-29
M203203,M,2032,2,Mar 2032,March 2032,2032-03-01,2032-03-31
M203204,M,2032,3,Apr 2032,April 2032,2032-04-01,2032-04-30
M203205,M,2032,4,May 2032,May 2032,2032-05-01,2032-05-31
M203206,M,2032,5,Jun 2032,June 2032,2032-06-01,2032-06-30
M203207,M,2032,6,Jul 2032,July 2032,2032-07-01,2032-07-31
M203208,M,2032,7,Aug 2032,August 2032,2032-08-01,2032-08-31
M203209,M,2032,8,Sep 2032,September 2032,2032-09-01,2032-09-30
M203210,M,2032,9,Oct 2032,October 2032,2032-10-01,2032-10-31
M203211,M,2032,10,Nov 2032,November 2032,2032-11-01,2032-11-30
M203212,M,2032,11,Dec 2032,December 2032,2032-12-01,2032-12-31
M203301,M,2033,0,Jan 2033,January 2033,2033-01-01,2033-01-31
M203302,M,2033,1,Feb 2033,February 2033,2033-02-01,2033-02-28
M203303,M,2033,2,Mar 2033,March 2033,2033-03-01,2033-03-31
M203304,M,2033,3,Apr 2033,April 2033,2033-04-01,2033-04-30
M203305,M,2033,4,May 2033,May 2033,2033-05-01,2033-05-31
M203306,M,2033,5,Jun 2033,June 2033,2033-06-01,2033-06-30
M203307,M,2033,6,Jul 2033,July 2033,2033-07-01,2033-07-31
M203308,M,2033,7,Aug 2033,August 2033,2033-08-01,2033-08-31
M203309,M,2033,8,Sep 2033,September 2033,2033-09-01,2033-09-30
M203310,M,2033,9,Oct 2033,October 2033,2033-10-01,2033-10-31
M203311,M,2033,10,Nov 2033,November 2033,2033-11-01,2033-11-30
M203312,M,2033,11,Dec 2033,December 2033,2033-12-01,2033-12-31
M203401,M,2034,0,Jan 2034,January 2034,2034-01-01,2034-01-31
M203402,M,2034,1,Feb 2034,February 2034,2034-02-01,2034-02-28
M203403,M,2034,2,Mar 2034,March 2034,2034-03-01,2034-03-31
M203404,M,2034,3,Apr 2034,April 2034,2034-04-01,2034-04-30
M203405,M,2034,4,May 2034,May 2034,2034-05-01,2034-05-31
M203406,M,2034,5,Jun 2034,June 2034,2034-06-01,2034-06-30
M203407,M,2034,6,Jul 2034,July 2034,2034-07-01,2034-07-31
M203408,M,2034,7,Aug 2034,August 2034,2034-08-01,2034-08-31
M203409,M,2034,8,Sep 2034,September 2034,2034-09-01,2034-09-30
M203410,M,2034,9,Oct 2034,October 2034,2034-10-01,2034-10-31
M203411,M,2034,10,Nov 2034,November 2034,2034-11-01,2034-11-30
M203412,M,2034,11,Dec 2034,December 2034,2034-12-01,2034-12-31
M203501,M,2035,0,Jan 2035,January 2035,2035-01-01,2035-01-31
M203502,M,2035,1,Feb 2035,February 2035,2035-02-01,2035-02-28
M203503,M,2035,2,Mar 2035,March 2035,2035-03-01,2035-03-31
M203504,M,2035,3,Apr 2035,April 2035,2035-04-01,2035-04-30
M203505,M,2035,4,May 2035,May 2035,2035-05-01,2035-05-31
M203506,M,2035,5,Jun 2035,June 2035,2035-06-01,2035-06-30
M203507,M,2035,6,Jul 2035,July 2035,2035-07-01,2035-07-31
M203508,M,2035,7,Aug 2035,August 2035,2035-08-01,2035-08-31
M203509,M,2035,8,Sep 2035,September 2035,2035-09-01,2035-09-30
M203510,M,2035,9,Oct 2035,October 2035,2035-10-01,2035-10-31
M203511,M,2035,10,Nov 2035,November 2035,2035-11-01,2035-11-30
M203512,M,2035,11,Dec 2035,December 2035,2035-12-01,2035-12-31
Q201504,Q,2015,4,2015 Q4,,2015-10-01,2015-12-31
Q201601,Q,2016,1,2016 Q1,,2016-01-01,2016-03-31
Q201602,Q,2016,2,2016 Q2,,2016-04-01,2016-06-30
Q201603,Q,2016,3,2016 Q3,,2016-07-01,2016-09-30
Q201604,Q,2016,4,2016 Q4,,2016-10-01,2016-12-31
Q201701,Q,2017,1,2017 Q1,,2017-01-01,2017-03-31
Q201702,Q,2017,2,2017 Q2,,2017-04-01,2017-06-30
Q201703,Q,2017,3,2017 Q3,,2017-07-01,2017-09-30
Q201704,Q,2017,4,2017 Q4,,2017-10-01,2017-12-31
Q201801,Q,2018,1,2018 Q1,,2018-01-01,2018-03-31
Q201802,Q,2018,2,2018 Q2,,2018-04-01,2018-06-30
Q201803,Q,2018,3,2018 Q3,,2018-07-01,2018-09-30
Q201804,Q,2018,4,2018 Q4,,2018-10-01,2018-12-31
Q201901,Q,2019,1,2019 Q1,,2019-01-01,2019-03-31
Q201902,Q,2019,2,2019 Q2,,2019-04-01,2019-06-30
Q201903,Q,2019,3,2019 Q3,,2019-07-01,2019-09-30
Q201904,Q,2019,4,2019 Q4,,2019-10-01,2019-12-31
Q202001,Q,2020,1,2020 Q1,,2020-01-01,2020-03-31
Q202002,Q,2020,2,2020 Q2,,2020-04-01,2020-06-30
Q202003,Q,2020,3,2020 Q3,,2020-07-01,2020-09-30
Q202004,Q,2020,4,2020 Q4,,2020-10-01,2020-12-31
Q202101,Q,2021,1,2021 Q1,,2021-01-01,2021-03-31
Q202102,Q,2021,2,2021 Q2,,2021-04-01,2021-06-30
Q202103,Q,2021,3,2021 Q3,,2021-07-01,2021-09-30
Q202104,Q,2021,4,2021 Q4,,2021-10-01,2021-12-31
Q202201,Q,2022,1,2022 Q1,,2022-01-01,2022-03-31
Q202202,Q,2022,2,2022 Q2,,2022-04-01,2022-06-30
Q202203,Q,2022,3,2022 Q3,,2022-07-01,2022-09-30
Q202204,Q,2022,4,2022 Q4,,2022-10-01,2022-12-31
Q202301,Q,2023,1,2023 Q1,,2023-01-01,2023-03-31
Q202302,Q,2023,2,2023 Q2,,2023-04-01,2023-06-30
Q202303,Q,2023,3,2023 Q3,,2023-07-01,2023-09-30
Q202304,Q,2023,4,2023 Q4,,2023-10-01,2023-12-31
Q202401,Q,2024,1,2024 Q1,,2024-01-01,2024-03-31
Q202402,Q,2024,2,2024 Q2,,2024-04-01,2024-06-30
Q202403,Q,2024,3,2024 Q3,,2024-07-01,2024-09-30
Q202404,Q,2024,4,2024 Q4,,2024-10-01,2024-12-31
Q202501,Q,2025,1,2025 Q1,,2025-01-01,2025-03-31
Q202502,Q,2025,2,2025 Q2,,2025-04-01,2025-06-30
Q202503,Q,2025,3,2025 Q3,,2025-07-01,2025-09-30
Q202504,Q,2025,4,2025 Q4,,2025-10-01,2025-12-31
Q202601,Q,2026,1,2026 Q1,,2026-01-01,2026-03-31
Q202602,Q,2026,2,2026 Q2,,2026-04-01,2026-06-30
Q202603,Q,2026,3,2026 Q3,,2026-07-01,2026-09-30
Q202604,Q,2026,4,2026 Q4,,2026-10-01,2026-12-31
Q202701,Q,2027,1,2027 Q1,,2027-01-01,2027-03-31
Q202702,Q,2027,2,2027 Q2,,2027-04-01,2027-06-30
Q202703,Q,2027,3,2027 Q3,,2027-07-01,2027-09-30
Q202704,Q,2027,4,2027 Q4,,2027-10-01,2027-12-31
Q202801,Q,2028,1,2028 Q1,,2028-01-01,2028-03-31
Q202802,Q,2028,2,2028 Q2,,2028-04-01,2028-06-30
Q202803,Q,2028,3,2028 Q3,,2028-07-01,2028-09-30
Q202804,Q,2028,4,2028 Q4,,2028-10-01,2028-12-31
Q202901,Q,2029,1,2029 Q1,,2029-01-01,2029-03-31
Q202902,Q,2029,2,2029 Q2,,2029-04-01,2029-06-30
Q202903,Q,2029,3,2029 Q3,,2029-07-01,2029-09-30
Q202904,Q,2029,4,2029 Q4,,2029-10-01,2029-12-31
Q203001,Q,2030,1,2030 Q1,,2030-01-01,2030-03-31
Q203002,Q,2030,2,2030 Q2,,2030-04-01,2030-06-30
Q203003,Q,2030,3,2030 Q3,,2030-07-01,2030-09-30
Q203004,Q,2030,4,2030 Q4,,2030-10-01,2030-12-31
Q203101,Q,2031,1,2031 Q1,,2031-01-01,2031-03-31
Q203102,Q,2031,2,2031 Q2,,2031-04-01,2031-06-30
Q203103,Q,2031,3,2031 Q3,,2031-07-01,2031-09-30
Q203104,Q,2031,4,2031 Q4,,2031-10-01,2031-12-31
Q203201,Q,2032,1,2032 Q1,,2032-01-01,2032-03-31
Q203202,Q,2032,2,2032 Q2,,2032-04-01,2032-06-30
Q203203,Q,2032,3,2032 Q3,,2032-07-01,2032-09-30
Q203204,Q,2032,4,2032 Q4,,2032-10-01,2032-12-31
Q203301,Q,2033,1,2033 Q1,,2033-01-01,2033-03-31
Q203302,Q,2033,2,2033 Q2,,2033-04-01,2033-06-30
Q203303,Q,2033,3,2033 Q3,,2033-07-01,2033-09-30
Q203304,Q,2033,4,2033 Q4,,2033-10-01,2033-12-31
Q203401,Q,2034,1,2034 Q1,,2034-01-01,2034-03-31
Q203402,Q,2034,2,2034 Q2,,2034-04-01,2034-06-30
Q203403,Q,2034,3,2034 Q3,,2034-07-01,2034-09-30
Q203404,Q,2034,4,2034 Q4,,2034-10-01,2034-12-31
Q203501,Q,2035,1,2035 Q1,,2035-01-01,2035-03-31
Q203502,Q,2035,2,2035 Q2,,2035-04-01,2035-06-30
Q203503,Q,2035,3,2035 Q3,,2035-07-01,2035-09-30
Q203504,Q,2035,4,2035 Q4,,2035-10-01,2035-12-31
Y2015,Y,2015,2015,2015,,2015-01-01,2015-12-31
Y2016,Y,2016,2016,2016,,2016-01-01,2016-12-31
Y2017,Y,2017,2017,2017,,2017-01-01,2017-12-31
Y2018,Y,2018,2018,2018,,2018-01-01,2018-12-31
Y2019,Y,2019,2019,2019,,2019-01-01,2019-12-31
Y2020,Y,2020,2020,2020,,2020-01-01,2020-12-31
Y2021,Y,2021,2021,2021,,2021-01-01,2021-12-31
Y2022,Y,2022,2022,2022,,2022-01-01,2022-12-31
Y2023,Y,2023,2023,2023,,2023-01-01,2023-12-31
Y2024,Y,2024,2024,2024,,2024-01-01,2024-12-31
Y2025,Y,2025,2025,2025,,2025-01-01,2025-12-31
Y2026,Y,2026,2026,2026,,2026-01-01,2026-12-31
Y2027,Y,2027,2027,2027,,2027-01-01,2027-12-31
Y2028,Y,2028,2028,2028,,2028-01-01,2028-12-31
Y2029,Y,2029,2029,2029,,2029-01-01,2029-12-31
Y2030,Y,2030,2030,2030,,2030-01-01,2030-12-31
Y2031,Y,2031,2031,2031,,2031-01-01,2031-12-31
Y2032,Y,2032,2032,2032,,2032-01-01,2032-12-31
Y2033,Y,2033,2033,2033,,2033-01-01,2033-12-31
Y2034,Y,2034,2034,2034,,2034-01-01,2034-12-31
Y2035,Y,2035,2035,2035,,2035-01-01,2035-12-31
